product_id,product_name,sub_category,units,revenue,profit,returns_rate_pct,risk_flag,stock_action
TEC-MA-10000418,Cubify CubeX 3D Printer Double Head Print,Machines,7,9323.969000000001,-6239.9792,0.0,LOSS-MAKING;,MINIMISE STOCK
TEC-MA-10004125,Cubify CubeX 3D Printer Triple Head Print,Machines,4,3009.98,-3839.9904,0.0,OBSOLETE-RISK;,REVIEW / PHASE-OUT
TEC-MA-10000822,Lexmark MX611dhe Monochrome Laser Printer,Machines,7,5676.967000000001,-2719.984,0.0,LOSS-MAKING;,MINIMISE STOCK
FUR-TA-10001889,Bush Advantage Collection Racetrack Conference Table,Tables,18,4334.1,-2019.2395999999999,0.0,LOSS-MAKING;,MINIMISE STOCK
OFF-BI-10001120,Ibico EPK-21 Electric Binding System,Binders,8,6437.965999999999,-1285.1932,0.0,LOSS-MAKING;,MINIMISE STOCK
OFF-SU-10002881,Martin Yale Chadless Opener Electric Letter Opener,Supplies,16,12268.902,-1232.5588,25.0,HIGH-RETURN;LOSS-MAKING;,MINIMISE STOCK
FUR-TA-10004289,BoxOffice By Design Rectangular and Half-Moon Meeting Room Tables,Tables,13,1052.5,-986.5625,0.0,LOSS-MAKING;,MINIMISE STOCK
FUR-TA-10004256,Bretford “Just In Time” Height-Adjustable Multi-Task Work Tables,Tables,17,3869.9,-964.1940000000001,0.0,LOSS-MAKING;,MINIMISE STOCK
TEC-MA-10001695,Zebra GK420t Direct Thermal/Thermal Transfer Printer,Machines,6,703.71,-938.28,0.0,OBSOLETE-RISK;LOSS-MAKING;,REVIEW / PHASE-OUT
TEC-MA-10002210,Epson TM-T88V Direct Thermal Printer - Monochrome - Desktop,Machines,7,692.995,-935.9595,0.0,OBSOLETE-RISK;LOSS-MAKING;,REVIEW / PHASE-OUT
TEC-MA-10001148,Okidata MB491 Multifunction Printer,Machines,14,3538.285,-914.118,0.0,LOSS-MAKING;,MINIMISE STOCK
FUR-TA-10001932,"Chromcraft 48"" x 96"" Racetrack Double Pedestal Table",Tables,15,2968.696,-897.792,0.0,LOSS-MAKING;,MINIMISE STOCK
FUR-TA-10000198,Chromcraft Bull-Nose Wood Oval Conference Tables & Bases,Tables,13,5322.408,-870.5484,0.0,LOSS-MAKING;,MINIMISE STOCK
FUR-TA-10002958,"Bevis Oval Conference Table, Walnut",Tables,16,2818.192,-751.6224,0.0,LOSS-MAKING;,MINIMISE STOCK
FUR-TA-10001950,Balt Solid Wood Round Tables,Tables,15,5534.178,-647.4105,0.0,LOSS-MAKING;,MINIMISE STOCK
FUR-TA-10002533,BPI Conference Tables,Tables,22,2019.7675,-620.7125,0.0,LOSS-MAKING;,MINIMISE STOCK
OFF-SU-10000151,High Speed Automatic Electric Letter Opener,Supplies,6,8842.662,-589.5108,0.0,OBSOLETE-RISK;LOSS-MAKING;,REVIEW / PHASE-OUT
FUR-BO-10000780,O'Sullivan Plantations 2-Door Library in Landvery Oak,Bookcases,19,2709.8968,-562.744,0.0,LOSS-MAKING;,MINIMISE STOCK
FUR-TA-10004154,"Riverside Furniture Oval Coffee Table, Oval End Table, End Table with Drawer",Tables,13,416.17,-556.489,0.0,OBSOLETE-RISK;LOSS-MAKING;,REVIEW / PHASE-OUT
FUR-FU-10003806,"Tenex Chairmat w/ Average Lip, 45"" x 53""",Furnishings,19,2058.496,-529.76,0.0,LOSS-MAKING;,MINIMISE STOCK
OFF-BI-10003527,Fellowes PB500 Electric Punch Plastic Comb Binding Machine with Manual Bind,Binders,16,9756.524000000001,-508.3960000000002,0.0,LOSS-MAKING;,MINIMISE STOCK
FUR-CH-10003312,Hon 2090 “Pillow Soft” Series Mid Back Swivel/Tilt Chairs,Chairs,10,2209.448,-477.666,0.0,LOSS-MAKING;,MINIMISE STOCK
OFF-BI-10004584,GBC ProClick 150 Presentation Binding System,Binders,22,3295.996,-461.3308,0.0,LOSS-MAKING;,MINIMISE STOCK
FUR-BO-10001972,O'Sullivan 4-Shelf Bookcase in Odessa Pine,Bookcases,27,1392.277,-454.88480000000004,0.0,LOSS-MAKING;,MINIMISE STOCK
FUR-BO-10004467,Bestar Classic Bookcase,Bookcases,17,1028.9075,-451.95480000000003,0.0,LOSS-MAKING;,MINIMISE STOCK
OFF-SU-10000646,Premier Automatic Letter Opener,Supplies,12,2411.626,-442.2808,0.0,LOSS-MAKING;,MINIMISE STOCK
FUR-FU-10001468,Tenex Antistatic Computer Chair Mats,Furnishings,5,353.96,-427.45,0.0,OBSOLETE-RISK;LOSS-MAKING;,REVIEW / PHASE-OUT
OFF-AP-10002534,3.6 Cubic Foot Counter Height Office Refrigerator,Appliances,15,2860.428,-412.46799999999996,0.0,LOSS-MAKING;,MINIMISE STOCK
FUR-CH-10000229,Global Enterprise Series Seating High-Back Swivel/Tilt Chairs,Chairs,8,1608.7820000000002,-395.6308,0.0,LOSS-MAKING;,MINIMISE STOCK
FUR-TA-10003008,"Lesro Round Back Collection Coffee Table, End Table",Tables,8,1209.24,-394.308,0.0,LOSS-MAKING;,MINIMISE STOCK
FUR-TA-10002530,"Iceberg OfficeWorks 42"" Round Tables",Tables,24,2719.542,-377.44999999999993,0.0,LOSS-MAKING;,MINIMISE STOCK
TEC-PH-10002645,LG G2,Phones,5,1499.97,-374.9925,0.0,OBSOLETE-RISK;LOSS-MAKING;,REVIEW / PHASE-OUT
FUR-CH-10003774,"Global Wood Trimmed Manager's Task Chair, Khaki",Chairs,40,3043.0860000000002,-373.01800000000003,9.090909090909092,LOSS-MAKING;,MINIMISE STOCK
OFF-BI-10000778,GBC VeloBinder Electric Binding Machine,Binders,13,474.43,-362.94,0.0,LOSS-MAKING;,MINIMISE STOCK
FUR-TA-10000577,Bretford CR4500 Series Slim Rectangular Table,Tables,13,2465.89,-351.6921,0.0,LOSS-MAKING;,MINIMISE STOCK
FUR-TA-10001768,Hon Racetrack Conference Tables,Tables,8,1360.55,-346.5132,0.0,LOSS-MAKING;,MINIMISE STOCK
FUR-FU-10003601,"Deflect-o RollaMat Studded, Beveled Mat for Medium Pile Carpeting",Furnishings,26,1754.248,-343.0956,0.0,LOSS-MAKING;,MINIMISE STOCK
FUR-FU-10002298,"Rubbermaid ClusterMat Chairmats, Mat Size- 66"" x 60"", Lip 20"" x 11"" -90 Degree Angle",Furnishings,15,970.4079999999999,-332.94,0.0,LOSS-MAKING;,MINIMISE STOCK
OFF-ST-10002574,"SAFCO Commercial Wire Shelving, Black",Storage,16,1940.704,-331.536,0.0,LOSS-MAKING;,MINIMISE STOCK
FUR-TA-10002228,"Bevis Traditional Conference Table Top, Plinth Base",Tables,6,1348.44,-326.6928,0.0,LOSS-MAKING;,MINIMISE STOCK
OFF-AP-10000390,Euro Pro Shark Stick Mini Vacuum,Appliances,11,378.74399999999997,-325.6332,0.0,LOSS-MAKING;,MINIMISE STOCK
OFF-BI-10004632,GBC Binding covers,Binders,29,4231.905,-320.9535,22.22222222222222,HIGH-RETURN;LOSS-MAKING;,MINIMISE STOCK
TEC-MA-10000904,"Brother MFC-9340CDW LED All-In-One Printer, Copier Scanner",Machines,3,341.991,-319.1916,0.0,OBSOLETE-RISK;,REVIEW / PHASE-OUT
FUR-CH-10003298,"Office Star - Contemporary Task Swivel chair with Loop Arms, Charcoal",Chairs,21,2299.464,-302.56379999999996,0.0,LOSS-MAKING;,MINIMISE STOCK
FUR-TA-10001086,"SAFCO PlanMaster Boards, 60w x 37-1/2d, White Melamine",Tables,15,1463.308,-288.781,33.33333333333333,HIGH-RETURN;LOSS-MAKING;,MINIMISE STOCK
FUR-TA-10002041,"Bevis Round Conference Table Top, X-Base",Tables,11,1354.1779999999999,-285.0711,0.0,LOSS-MAKING;,MINIMISE STOCK
FUR-TA-10001039,KI Adjustable-Height Table,Tables,26,1492.381,-282.8742,0.0,LOSS-MAKING;,MINIMISE STOCK
FUR-TA-10002356,Bevis Boat-Shaped Conference Table,Tables,9,1613.238,-272.5944,0.0,LOSS-MAKING;,MINIMISE STOCK
TEC-MA-10001856,Okidata C610n Printer,Machines,2,665.0,-272.58,0.0,DEAD-STOCK;OBSOLETE-RISK;,REVIEW / PHASE-OUT
FUR-TA-10002903,"Bevis Round Bullnose 29"" High Table Top",Tables,7,692.753,-264.9042,50.0,HIGH-RETURN;OBSOLETE-RISK;LOSS-MAKING;,REVIEW / PHASE-OUT
OFF-ST-10002743,SAFCO Boltless Steel Shelving,Storage,33,3526.656,-257.9628,16.666666666666664,HIGH-RETURN;LOSS-MAKING;,MINIMISE STOCK
OFF-BI-10004224,Catalog Binders with Expanding Posts,Binders,16,483.4,-255.66400000000002,25.0,HIGH-RETURN;LOSS-MAKING;,MINIMISE STOCK
TEC-MA-10003337,Okidata B401 Printer,Machines,3,179.991,-251.9874,0.0,OBSOLETE-RISK;,REVIEW / PHASE-OUT
FUR-CH-10002880,"Global High-Back Leather Tilter, Burgundy",Chairs,27,2529.78,-249.66969999999998,0.0,LOSS-MAKING;,MINIMISE STOCK
FUR-BO-10004357,O'Sullivan Living Dimensions 3-Shelf Bookcases,Bookcases,3,301.47,-241.176,0.0,OBSOLETE-RISK;,REVIEW / PHASE-OUT
FUR-TA-10000849,Bevis Rectangular Conference Tables,Tables,6,523.332,-239.40720000000002,0.0,LOSS-MAKING;,MINIMISE STOCK
OFF-BI-10002429,"Premier Elliptical Ring Binder, Black",Binders,28,471.08,-230.1264,0.0,LOSS-MAKING;,MINIMISE STOCK
FUR-CH-10000513,High-Back Leather Manager's Chair,Chairs,15,1623.8809999999999,-227.4825,0.0,LOSS-MAKING;,MINIMISE STOCK
FUR-TA-10002607,KI Conference Tables,Tables,15,729.4549999999999,-219.75900000000001,0.0,LOSS-MAKING;,MINIMISE STOCK
TEC-PH-10000038,Jawbone MINI JAMBOX Wireless Bluetooth Speaker,Phones,10,1175.8400000000001,-219.168,0.0,LOSS-MAKING;,MINIMISE STOCK
FUR-CH-10001973,Office Star Flex Back Scooter Chair with White Frame,Chairs,16,1395.564,-217.5208,0.0,LOSS-MAKING;,MINIMISE STOCK
FUR-TA-10003715,Hon 2111 Invitation Series Corner Table,Tables,3,376.866,-213.5574,0.0,OBSOLETE-RISK;,REVIEW / PHASE-OUT
FUR-TA-10002774,Laminate Occasional Tables,Tables,15,1726.256,-192.6625,0.0,LOSS-MAKING;,MINIMISE STOCK
FUR-BO-10001567,"Bush Westfield Collection Bookcases, Dark Cherry Finish, Fully Assembled",Bookcases,3,90.882,-190.8522,0.0,OBSOLETE-RISK;,REVIEW / PHASE-OUT
FUR-TA-10004442,Riverside Furniture Stanwyck Manor Table Series,Tables,2,372.22,-189.321,0.0,DEAD-STOCK;OBSOLETE-RISK;,REVIEW / PHASE-OUT
FUR-CH-10001482,Office Star - Mesh Screen back chair with Vinyl seat,Chairs,10,1074.35,-183.372,0.0,LOSS-MAKING;,MINIMISE STOCK
OFF-AP-10004233,Honeywell Enviracaire Portable Air Cleaner for up to 8 x 10 Room,Appliances,9,299.20799999999997,-177.22320000000002,0.0,LOSS-MAKING;,MINIMISE STOCK
FUR-BO-10004834,"Riverside Palais Royal Lawyers Bookcase, Royale Cherry Finish",Bookcases,6,3906.9316,-176.19600000000003,0.0,LOSS-MAKING;,MINIMISE STOCK
OFF-ST-10004459,Tennsco Single-Tier Lockers,Storage,15,5719.692,-168.90299999999996,0.0,LOSS-MAKING;,MINIMISE STOCK
TEC-MA-10001681,Lexmark MarkNet N8150 Wireless Print Server,Machines,2,264.17,-168.819,0.0,DEAD-STOCK;OBSOLETE-RISK;,REVIEW / PHASE-OUT
FUR-FU-10002116,"Tenex Carpeted, Granite-Look or Clear Contemporary Contour Shape Chair Mats",Furnishings,9,447.26,-167.5827,0.0,LOSS-MAKING;,MINIMISE STOCK
TEC-MA-10003589,Cisco 8961 IP Phone Charcoal,Machines,3,224.937,-164.9538,0.0,OBSOLETE-RISK;,REVIEW / PHASE-OUT
FUR-BO-10003546,Hon 4-Shelf Metal Bookcases,Bookcases,16,1137.192,-161.56800000000004,0.0,LOSS-MAKING;,MINIMISE STOCK
FUR-TA-10001095,Chromcraft Round Conference Tables,Tables,59,8080.053,-158.60389999999998,0.0,LOSS-MAKING;,MINIMISE STOCK
FUR-BO-10000468,O'Sullivan 2-Shelf Heavy-Duty Bookcases,Bookcases,13,722.066,-156.42759999999998,0.0,LOSS-MAKING;,MINIMISE STOCK
FUR-TA-10002622,"Bush Andora Conference Table, Maple/Graphite Gray Finish",Tables,10,1204.664,-153.882,0.0,LOSS-MAKING;,MINIMISE STOCK
FUR-CH-10000225,"Global Geo Office Task Chair, Gray",Chairs,14,1232.172,-153.862,0.0,LOSS-MAKING;,MINIMISE STOCK
FUR-CH-10004860,Global Low Back Tilter Chair,Chairs,15,1353.348,-151.47,20.0,HIGH-RETURN;LOSS-MAKING;,MINIMISE STOCK
FUR-CH-10001190,Global Deluxe High-Back Office Chair in Storm,Chairs,10,1112.92,-149.589,33.33333333333333,HIGH-RETURN;LOSS-MAKING;,MINIMISE STOCK
FUR-BO-10003893,Sauder Camden County Collection Library,Bookcases,10,81.864,-137.976,0.0,OBSOLETE-RISK;LOSS-MAKING;,REVIEW / PHASE-OUT
FUR-BO-10001601,"Sauder Mission Library with Doors, Fruitwood Finish",Bookcases,8,782.5311999999999,-136.2192,0.0,OBSOLETE-RISK;LOSS-MAKING;,REVIEW / PHASE-OUT
OFF-AP-10001947,Acco 6 Outlet Guardian Premium Plus Surge Suppressor,Appliances,27,764.1759999999999,-135.01839999999999,0.0,LOSS-MAKING;,MINIMISE STOCK
FUR-FU-10003773,Eldon Cleatmat Plus Chair Mats for High Pile Carpets,Furnishings,12,715.68,-133.5936,0.0,LOSS-MAKING;,MINIMISE STOCK
FUR-TA-10004607,Hon 2111 Invitation Series Straight Table,Tables,10,1138.376,-133.047,33.33333333333333,HIGH-RETURN;LOSS-MAKING;,MINIMISE STOCK
OFF-ST-10003656,Safco Industrial Wire Shelving,Storage,8,695.336,-130.5464,0.0,LOSS-MAKING;,MINIMISE STOCK
FUR-CH-10003396,Global Deluxe Steno Chair,Chairs,21,1425.66,-130.0962,0.0,LOSS-MAKING;,MINIMISE STOCK
TEC-AC-10002637,Logitech VX Revolution Cordless Laser Mouse for Notebooks (Black),Accessories,8,1223.932,-129.59279999999998,0.0,LOSS-MAKING;,MINIMISE STOCK
OFF-ST-10001418,Carina Media Storage Towers in Natural & Black,Storage,15,885.348,-128.058,0.0,LOSS-MAKING;,MINIMISE STOCK
FUR-TA-10001676,Hon 61000 Series Interactive Training Tables,Tables,19,819.261,-127.9584,14.285714285714285,LOSS-MAKING;,MINIMISE STOCK
FUR-TA-10003569,Bretford CR8500 Series Meeting Room Furniture,Tables,12,3488.526,-120.29400000000001,0.0,LOSS-MAKING;,MINIMISE STOCK
OFF-AP-10000055,Belkin F9S820V06 8 Outlet Surge,Appliances,17,480.33599999999996,-120.17599999999999,0.0,LOSS-MAKING;,MINIMISE STOCK
TEC-PH-10004667,Cisco 8x8 Inc. 6753i IP Business Phone System,Phones,13,1179.914,-120.1411,50.0,HIGH-RETURN;LOSS-MAKING;,MINIMISE STOCK
FUR-BO-10000112,"Bush Birmingham Collection Bookcase, Dark Cherry",Bookcases,9,843.174,-117.882,0.0,OBSOLETE-RISK;LOSS-MAKING;,REVIEW / PHASE-OUT
FUR-CH-10004289,Global Super Steno Chair,Chairs,17,1298.142,-116.1358,0.0,LOSS-MAKING;,MINIMISE STOCK
TEC-PH-10003963,GE 2-Jack Phone Line Splitter,Phones,4,494.376,-115.3544,0.0,OBSOLETE-RISK;,REVIEW / PHASE-OUT
TEC-MA-10004002,Zebra GX420t Direct Thermal/Thermal Transfer Printer,Machines,1,265.475,-111.4995,0.0,DEAD-STOCK;OBSOLETE-RISK;,REVIEW / PHASE-OUT
OFF-AP-10002867,Fellowes Command Center 5-outlet power strip,Appliances,9,410.20000000000005,-106.50880000000001,33.33333333333333,HIGH-RETURN;LOSS-MAKING;,MINIMISE STOCK
FUR-TA-10002855,Bevis Round Conference Table Top & Single Column Base,Tables,8,856.5040000000001,-105.3648,0.0,LOSS-MAKING;,MINIMISE STOCK
FUR-BO-10003965,O'Sullivan Manor Hill 2-Door Library in Brianna Oak,Bookcases,7,1119.586,-95.9194,0.0,LOSS-MAKING;,MINIMISE STOCK
FUR-TA-10001705,Bush Advantage Collection Round Conference Table,Tables,5,816.1,-95.67,50.0,HIGH-RETURN;LOSS-MAKING;,MINIMISE STOCK
OFF-ST-10002344,"Carina 42""Hx23 3/4""W Media Storage Unit",Storage,11,827.408,-95.5564,0.0,LOSS-MAKING;,MINIMISE STOCK
OFF-ST-10002554,Tennsco Industrial Shelving,Storage,15,1251.048,-92.929,0.0,LOSS-MAKING;,MINIMISE STOCK
FUR-BO-10004409,"Safco Value Mate Series Steel Bookcases, Baked Enamel Finish on Steel, Gray",Bookcases,10,418.782,-92.274,0.0,LOSS-MAKING;,MINIMISE STOCK
FUR-BO-10004360,Rush Hierlooms Collection Rich Wood Bookcases,Bookcases,3,364.3992,-91.7586,0.0,OBSOLETE-RISK;,REVIEW / PHASE-OUT
FUR-CH-10000863,Novimex Swivel Fabric Task Chair,Chairs,10,1300.134,-90.58800000000001,25.0,HIGH-RETURN;LOSS-MAKING;,MINIMISE STOCK
OFF-BI-10003684,Wilson Jones Legal Size Ring Binders,Binders,21,1098.7359999999999,-90.15899999999999,25.0,HIGH-RETURN;LOSS-MAKING;,MINIMISE STOCK
OFF-BI-10001575,GBC Linen Binding Covers,Binders,10,151.254,-89.842,0.0,LOSS-MAKING;,MINIMISE STOCK
TEC-PH-10003555,Motorola HK250 Universal Bluetooth Headset,Phones,39,1238.454,-83.2238,12.5,LOSS-MAKING;,MINIMISE STOCK
OFF-ST-10002790,Safco Industrial Shelving,Storage,11,987.96,-79.01950000000001,0.0,LOSS-MAKING;,MINIMISE STOCK
FUR-FU-10003919,Eldon Executive Woodline II Cherry Finish Desk Accessories,Furnishings,6,2145.136,-78.5088,0.0,LOSS-MAKING;,MINIMISE STOCK
FUR-FU-10000723,"Deflect-o EconoMat Studded, No Bevel Mat for Low Pile Carpeting",Furnishings,19,786.328,-78.09479999999999,0.0,LOSS-MAKING;,MINIMISE STOCK
FUR-FU-10003394,"Tenex ""The Solids"" Textured Chair Mats",Furnishings,22,1290.312,-74.1576,20.0,HIGH-RETURN;LOSS-MAKING;,MINIMISE STOCK
FUR-TA-10001857,Balt Solid Wood Rectangular Table,Tables,5,427.86199999999997,-73.843,0.0,LOSS-MAKING;,MINIMISE STOCK
OFF-ST-10004123,Safco Industrial Wire Shelving System,Storage,15,1705.916,-72.784,0.0,LOSS-MAKING;,MINIMISE STOCK
FUR-TA-10004152,"Barricks 18"" x 48"" Non-Folding Utility Table with Bottom Storage Shelf",Tables,8,534.16,-72.576,33.33333333333333,HIGH-RETURN;LOSS-MAKING;,MINIMISE STOCK
FUR-BO-10003034,"O'Sullivan Elevations Bookcase, Cherry Finish",Bookcases,15,1661.309,-72.039,0.0,LOSS-MAKING;,MINIMISE STOCK
FUR-FU-10004622,Eldon Advantage Foldable Chair Mats for Low Pile Carpets,Furnishings,8,328.0,-71.544,50.0,HIGH-RETURN;LOSS-MAKING;,MINIMISE STOCK
FUR-CH-10002044,"Office Star - Contemporary Task Swivel chair with 2-way adjustable arms, Plum",Chairs,4,437.136,-68.1096,0.0,OBSOLETE-RISK;,REVIEW / PHASE-OUT
OFF-ST-10001713,"Gould Plastics 9-Pocket Panel Bin, 18-3/8w x 5-1/4d x 20-1/2h, Black",Storage,8,339.136,-67.8272,0.0,LOSS-MAKING;,MINIMISE STOCK
FUR-TA-10004915,"Office Impressions End Table, 20-1/2""H x 24""W x 20""D",Tables,23,5705.816,-66.82720000000003,0.0,LOSS-MAKING;,MINIMISE STOCK
FUR-CH-10003956,Novimex High-Tech Fabric Mesh Task Chair,Chairs,7,469.48800000000006,-64.5918,0.0,LOSS-MAKING;,MINIMISE STOCK
TEC-PH-10003800,i.Sound Portable Power - 8000 mAh,Phones,7,428.34200000000004,-59.878699999999995,0.0,LOSS-MAKING;,MINIMISE STOCK
TEC-AC-10004855,V7 USB Numeric Keypad,Accessories,16,534.8679999999999,-58.7832,25.0,HIGH-RETURN;LOSS-MAKING;,MINIMISE STOCK
OFF-BI-10002931,"Avery Trapezoid Extra Heavy Duty 4"" Binders",Binders,7,103.074,-58.716,0.0,OBSOLETE-RISK;LOSS-MAKING;,REVIEW / PHASE-OUT
OFF-BI-10003166,GBC Plasticlear Binding Covers,Binders,19,369.104,-58.3184,20.0,HIGH-RETURN;LOSS-MAKING;,MINIMISE STOCK
FUR-CH-10001545,Hon Comfortask Task/Swivel Chairs,Chairs,15,1405.1580000000001,-56.99,0.0,LOSS-MAKING;,MINIMISE STOCK
FUR-BO-10001798,Bush Somerset Collection Bookcase,Bookcases,12,1319.9569999999999,-56.3214,0.0,LOSS-MAKING;,MINIMISE STOCK
OFF-ST-10000676,Fellowes Econo/Stor Drawers,Storage,7,581.58,-56.2194,0.0,LOSS-MAKING;,MINIMISE STOCK
OFF-AP-10000240,Belkin F9G930V10-GRY 9 Outlet Surge,Appliances,2,123.392,-54.5496,0.0,DEAD-STOCK;OBSOLETE-RISK;,REVIEW / PHASE-OUT
OFF-ST-10001370,Sensible Storage WireTech Storage Systems,Storage,29,2041.264,-53.23499999999999,16.666666666666664,HIGH-RETURN;LOSS-MAKING;,MINIMISE STOCK
OFF-ST-10004804,"Belkin 19"" Vented Equipment Shelf, Black",Storage,18,933.864,-52.5096,0.0,LOSS-MAKING;,MINIMISE STOCK
OFF-ST-10001522,"Gould Plastics 18-Pocket Panel Bin, 34w x 5-1/4d x 20-1/2h",Storage,16,1841.452,-51.5144,0.0,LOSS-MAKING;,MINIMISE STOCK
OFF-ST-10002756,"Tennsco Stur-D-Stor Boltless Shelving, 5 Shelves, 24"" Deep, Sand",Storage,22,3060.634,-51.4178,20.0,HIGH-RETURN;LOSS-MAKING;,MINIMISE STOCK
OFF-BI-10002854,"Performers Binder/Pad Holder, Black",Binders,20,445.846,-50.45400000000001,0.0,LOSS-MAKING;,MINIMISE STOCK
TEC-PH-10000127,iOttie XL Car Mount,Phones,14,356.88800000000003,-50.3748,0.0,LOSS-MAKING;,MINIMISE STOCK
TEC-PH-10000141,Clearsounds A400,Phones,11,511.326,-48.8326,0.0,LOSS-MAKING;,MINIMISE STOCK
OFF-ST-10000736,Carina Double Wide Media Storage Towers in Natural & Black,Storage,15,1555.524,-48.588,0.0,LOSS-MAKING;,MINIMISE STOCK
FUR-CH-10003535,"Global Armless Task Chair, Royal Blue",Chairs,13,633.8,-48.1742,0.0,LOSS-MAKING;,MINIMISE STOCK
FUR-TA-10001539,Chromcraft Rectangular Conference Tables,Tables,10,1857.578,-47.394,20.0,HIGH-RETURN;LOSS-MAKING;,MINIMISE STOCK
FUR-TA-10003748,Bevis 36 x 72 Conference Tables,Tables,21,2069.84,-47.3062,0.0,LOSS-MAKING;,MINIMISE STOCK
FUR-BO-10002268,Sauder Barrister Bookcases,Bookcases,10,657.9696,-46.9684,50.0,HIGH-RETURN;LOSS-MAKING;,MINIMISE STOCK
OFF-ST-10001809,Fellowes Officeware Wire Shelving,Storage,24,2223.09,-46.7116,0.0,LOSS-MAKING;,MINIMISE STOCK
OFF-ST-10002301,Tennsco Commercial Shelving,Storage,17,717.964,-45.3582,0.0,LOSS-MAKING;,MINIMISE STOCK
FUR-CH-10000309,Global Comet Stacking Arm Chair,Chairs,10,3153.5739999999996,-42.251000000000005,0.0,LOSS-MAKING;,MINIMISE STOCK
FUR-CH-10001714,"Global Leather & Oak Executive Chair, Burgundy",Chairs,9,1261.12,-42.249199999999995,0.0,LOSS-MAKING;,MINIMISE STOCK
OFF-BI-10003694,"Avery 3 1/2"" Diskette Storage Pages, 10/Pack",Binders,19,238.81599999999997,-40.2984,0.0,LOSS-MAKING;,MINIMISE STOCK
OFF-ST-10003994,"Belkin 19"" Center-Weighted Shelf, Gray",Storage,7,378.88,-38.337,0.0,LOSS-MAKING;,MINIMISE STOCK
FUR-BO-10004709,"Bush Westfield Collection Bookcases, Medium Cherry Finish",Bookcases,24,1270.5837999999999,-37.250600000000006,14.285714285714285,LOSS-MAKING;,MINIMISE STOCK
OFF-BI-10001072,"GBC Clear Cover, 8-1/2 x 11, unpunched, 25 covers per pack",Binders,8,132.32,-35.1712,0.0,LOSS-MAKING;,MINIMISE STOCK
FUR-FU-10003247,36X48 HARDFLOOR CHAIRMAT,Furnishings,19,557.68,-35.0366,0.0,LOSS-MAKING;,MINIMISE STOCK
FUR-CH-10002126,Hon Deluxe Fabric Upholstered Stacking Chairs,Chairs,12,2119.83,-34.1572,0.0,LOSS-MAKING;,MINIMISE STOCK
TEC-AC-10001314,Case Logic 2.4GHz Wireless Keyboard,Accessories,14,627.8779999999999,-33.9932,0.0,LOSS-MAKING;,MINIMISE STOCK
FUR-TA-10003238,"Chromcraft Bull-Nose Wood 48"" x 96"" Rectangular Conference Tables",Tables,6,2644.704,-33.05879999999996,0.0,LOSS-MAKING;,MINIMISE STOCK
OFF-ST-10000934,"Contico 72""H Heavy-Duty Storage System",Storage,6,236.096,-32.784,0.0,LOSS-MAKING;,MINIMISE STOCK
FUR-BO-10003433,Sauder Cornerstone Collection Library,Bookcases,8,210.272,-32.2192,0.0,OBSOLETE-RISK;LOSS-MAKING;,REVIEW / PHASE-OUT
TEC-PH-10003187,Anker Astro Mini 3000mAh Ultra-Compact Portable Charger,Phones,6,181.956,-31.984,0.0,LOSS-MAKING;,MINIMISE STOCK
OFF-AP-10004708,Fellowes Superior 10 Outlet Split Surge Protector,Appliances,13,599.704,-31.589799999999997,0.0,LOSS-MAKING;,MINIMISE STOCK
OFF-BI-10002799,"SlimView Poly Binder, 3/8""",Binders,19,316.756,-31.390800000000002,0.0,LOSS-MAKING;,MINIMISE STOCK
OFF-ST-10003479,"Eldon Base for stackable storage shelf, platinum",Storage,12,412.764,-31.152,0.0,LOSS-MAKING;,MINIMISE STOCK
TEC-PH-10004833,Macally Suction Cup Mount,Phones,13,202.28000000000003,-31.07,0.0,LOSS-MAKING;,MINIMISE STOCK
FUR-CH-10003833,Novimex Fabric Task Chair,Chairs,22,1200.836,-30.49,0.0,LOSS-MAKING;,MINIMISE STOCK
OFF-BI-10000309,"GBC Twin Loop Wire Binding Elements, 9/16"" Spine, Black",Binders,20,349.804,-30.44,0.0,LOSS-MAKING;,MINIMISE STOCK
FUR-FU-10004904,"Eldon ""L"" Workstation Diamond Chairmat",Furnishings,5,303.92,-30.392,0.0,OBSOLETE-RISK;LOSS-MAKING;,REVIEW / PHASE-OUT
OFF-BI-10000773,Insertable Tab Post Binder Dividers,Binders,15,250.486,-29.273,0.0,LOSS-MAKING;,MINIMISE STOCK
FUR-TA-10004575,Hon 5100 Series Wood Tables,Tables,20,4828.974,-29.097999999999956,0.0,LOSS-MAKING;,MINIMISE STOCK
FUR-FU-10004909,Contemporary Wood/Metal Frame,Furnishings,12,281.96,-29.088,0.0,LOSS-MAKING;,MINIMISE STOCK
FUR-CH-10000749,Office Star - Ergonomic Mid Back Chair with 2-Way Adjustable Arms,Chairs,4,629.136,-28.9568,0.0,OBSOLETE-RISK;,REVIEW / PHASE-OUT
OFF-ST-10003641,Space Solutions Industrial Galvanized Steel Shelving.,Storage,2,126.08,-28.368,0.0,DEAD-STOCK;OBSOLETE-RISK;,REVIEW / PHASE-OUT
OFF-ST-10001963,Tennsco Regal Shelving Units,Storage,11,1090.664,-27.380699999999997,0.0,LOSS-MAKING;,MINIMISE STOCK
OFF-BI-10000474,Avery Recycled Flexi-View Covers for Binding Systems,Binders,18,417.43100000000004,-26.6098,0.0,LOSS-MAKING;,MINIMISE STOCK
OFF-ST-10002485,Rogers Deluxe File Chest,Storage,19,609.848,-26.5958,0.0,LOSS-MAKING;,MINIMISE STOCK
OFF-AP-10002403,Acco Smartsocket Color-Coded Six-Outlet AC Adapter Model Surge Protectors,Appliances,7,249.446,-25.525799999999997,0.0,LOSS-MAKING;,MINIMISE STOCK
TEC-AC-10002942,WD My Passport Ultra 1TB Portable External Hard Drive,Accessories,12,798.4,-24.84,0.0,LOSS-MAKING;,MINIMISE STOCK
OFF-ST-10004337,"SAFCO Commercial Wire Shelving, 72h",Storage,9,526.664,-24.496,0.0,LOSS-MAKING;,MINIMISE STOCK
TEC-PH-10001448,Anker Astro 15000mAh USB Portable Charger,Phones,13,719.88,-23.9952,0.0,LOSS-MAKING;,MINIMISE STOCK
TEC-PH-10001079,Polycom SoundPoint Pro SE-225 Corded phone,Phones,5,438.56600000000003,-23.798000000000002,0.0,LOSS-MAKING;,MINIMISE STOCK
OFF-BI-10004465,Avery Durable Slant Ring Binders,Binders,19,274.48,-23.76,0.0,LOSS-MAKING;,MINIMISE STOCK
TEC-PH-10004522,Dexim XPower Skin Super-Thin Power Case for iPhone 5 - Black,Phones,8,561.544,-23.395999999999997,0.0,LOSS-MAKING;,MINIMISE STOCK
OFF-AP-10004868,Hoover Commercial Soft Guard Upright Vacuum And Disposable Filtration Bags,Appliances,7,215.094,-22.6107,0.0,OBSOLETE-RISK;LOSS-MAKING;,REVIEW / PHASE-OUT
TEC-MA-10003356,Panasonic KX MC6040 Color Laser Multifunction Printer,Machines,5,1619.82,-22.497500000000002,0.0,LOSS-MAKING;,MINIMISE STOCK
FUR-FU-10000222,"Seth Thomas 16"" Steel Case Clock",Furnishings,7,301.92,-22.411199999999997,0.0,LOSS-MAKING;,MINIMISE STOCK
OFF-BI-10001098,Acco D-Ring Binder w/DublLock,Binders,9,331.968,-21.166200000000003,0.0,LOSS-MAKING;,MINIMISE STOCK
OFF-BI-10003982,Wilson Jones Century Plastic Molded Ring Binders,Binders,30,610.473,-20.770000000000003,0.0,LOSS-MAKING;,MINIMISE STOCK
OFF-BI-10001525,"Acco Pressboard Covers with Storage Hooks, 14 7/8"" x 11"", Executive Red",Binders,21,297.241,-20.7645,20.0,HIGH-RETURN;LOSS-MAKING;,MINIMISE STOCK
TEC-PH-10000148,Cyber Acoustics AC-202b Speech Recognition Stereo Headset,Phones,11,320.508,-20.5242,20.0,HIGH-RETURN;LOSS-MAKING;,MINIMISE STOCK
TEC-MA-10000752,Texas Instrument TI-15 Fraction Calculator,Machines,8,41.905,-20.519,0.0,OBSOLETE-RISK;LOSS-MAKING;,REVIEW / PHASE-OUT
FUR-BO-10002853,O'Sullivan 5-Shelf Heavy-Duty Bookcases,Bookcases,7,409.7,-20.485,0.0,LOSS-MAKING;,MINIMISE STOCK
TEC-PH-10004897,Mediabridge Sport Armband iPhone 5s,Phones,17,235.852,-20.2797,0.0,LOSS-MAKING;,MINIMISE STOCK
OFF-BI-10004099,GBC VeloBinder Strips,Binders,13,144.952,-19.968,0.0,LOSS-MAKING;,MINIMISE STOCK
OFF-BI-10002827,Avery Durable Poly Binders,Binders,30,503.678,-19.907999999999998,0.0,LOSS-MAKING;,MINIMISE STOCK
TEC-MA-10003230,Okidata C610n Printer,Machines,3,1362.9,-19.47,0.0,OBSOLETE-RISK;,REVIEW / PHASE-OUT
FUR-CH-10004540,Global Chrome Stack Chair,Chairs,18,556.928,-18.511200000000002,0.0,LOSS-MAKING;,MINIMISE STOCK
FUR-CH-10003968,Novimex Turbo Task Chair,Chairs,17,1049.406,-18.4548,25.0,HIGH-RETURN;LOSS-MAKING;,MINIMISE STOCK
TEC-AC-10002550,"Memorex 25GB 6X Branded Blu-Ray Recordable Disc, 30/Pack",Accessories,12,370.66999999999996,-17.892000000000003,0.0,LOSS-MAKING;,MINIMISE STOCK
FUR-FU-10002030,"Executive Impressions 14"" Contract Wall Clock with Quartz Movement",Furnishings,5,44.46,-17.784,0.0,OBSOLETE-RISK;LOSS-MAKING;,REVIEW / PHASE-OUT
OFF-BI-10003429,"Cardinal HOLDit! Binder Insert Strips,Extra Strips",Binders,29,621.98,-17.6607,14.285714285714285,LOSS-MAKING;,MINIMISE STOCK
OFF-BI-10001153,Ibico Recycled Grain-Textured Covers,Binders,6,170.35000000000002,-17.270000000000003,0.0,LOSS-MAKING;,MINIMISE STOCK
OFF-ST-10004180,Safco Commercial Shelving,Storage,6,446.154,-16.7436,0.0,LOSS-MAKING;,MINIMISE STOCK
OFF-BI-10001132,"Acco PRESSTEX Data Binder with Storage Hooks, Dark Blue, 9 1/2"" X 11""",Binders,11,93.45,-16.7318,0.0,LOSS-MAKING;,MINIMISE STOCK
OFF-BI-10001191,Canvas Sectional Post Binders,Binders,22,417.876,-15.7852,0.0,LOSS-MAKING;,MINIMISE STOCK
OFF-ST-10000642,"Tennsco Lockers, Gray",Storage,15,430.93600000000004,-15.735,0.0,LOSS-MAKING;,MINIMISE STOCK
OFF-BI-10004140,Avery Non-Stick Binders,Binders,22,261.614,-15.715,0.0,OBSOLETE-RISK;LOSS-MAKING;,REVIEW / PHASE-OUT
OFF-BI-10004817,GBC Personal VeloBind Strips,Binders,15,188.87,-15.574000000000002,0.0,OBSOLETE-RISK;LOSS-MAKING;,REVIEW / PHASE-OUT
OFF-BI-10002414,GBC ProClick Spines for 32-Hole Punch,Binders,12,565.409,-13.2818,0.0,LOSS-MAKING;,MINIMISE STOCK
OFF-BI-10001308,GBC Standard Plastic Binding Systems' Combs,Binders,16,267.076,-13.188,0.0,LOSS-MAKING;,MINIMISE STOCK
FUR-FU-10001756,"Eldon Expressions Desk Accessory, Wood Photo Frame, Mahogany",Furnishings,17,431.056,-12.756800000000002,0.0,LOSS-MAKING;,MINIMISE STOCK
FUR-BO-10002206,"Bush Saratoga Collection 5-Shelf Bookcase, Hanover Cherry, *Special Order",Bookcases,1,363.833,-12.6882,100.0,DEAD-STOCK;HIGH-RETURN;OBSOLETE-RISK;,REVIEW / PHASE-OUT
OFF-SU-10004498,Martin-Yale Premier Letter Opener,Supplies,14,350.288,-12.6224,0.0,LOSS-MAKING;,MINIMISE STOCK
FUR-BO-10001337,O'Sullivan Living Dimensions 2-Shelf Bookcases,Bookcases,11,1232.6039999999998,-12.097999999999999,20.0,HIGH-RETURN;LOSS-MAKING;,MINIMISE STOCK
OFF-BI-10003196,Accohide Poly Flexible Ring Binders,Binders,18,422.692,-11.968,0.0,LOSS-MAKING;,MINIMISE STOCK
OFF-SU-10000157,Compact Automatic Electric Letter Opener,Supplies,15,1839.926,-11.931000000000001,0.0,LOSS-MAKING;,MINIMISE STOCK
OFF-BI-10004001,GBC Recycled VeloBinder Covers,Binders,25,440.11199999999997,-11.927999999999994,0.0,LOSS-MAKING;,MINIMISE STOCK
OFF-BI-10000343,"Pressboard Covers with Storage Hooks, 9 1/2"" x 11"", Light Blue",Binders,34,506.596,-11.882200000000001,12.5,OBSOLETE-RISK;LOSS-MAKING;,REVIEW / PHASE-OUT
TEC-PH-10003092,Motorola L804,Phones,15,662.296,-11.497500000000006,0.0,LOSS-MAKING;,MINIMISE STOCK
OFF-BI-10004781,GBC Wire Binding Strips,Binders,13,203.136,-11.426400000000001,0.0,LOSS-MAKING;,MINIMISE STOCK
FUR-CH-10002372,Office Star - Ergonomically Designed Knee Chair,Chairs,8,639.7620000000001,-11.3372,0.0,LOSS-MAKING;,MINIMISE STOCK
OFF-BI-10004364,Storex Dura Pro Binders,Binders,28,598.1899999999999,-11.286000000000001,0.0,LOSS-MAKING;,MINIMISE STOCK
TEC-PH-10004080,Avaya 5410 Digital phone,Phones,13,655.508,-10.878400000000003,0.0,LOSS-MAKING;,MINIMISE STOCK
OFF-ST-10002182,"Iris 3-Drawer Stacking Bin, Black",Storage,7,213.696,-9.609399999999999,0.0,LOSS-MAKING;,MINIMISE STOCK
OFF-AP-10001564,Hoover Commercial Lightweight Upright Vacuum with E-Z Empty Dirt Cup,Appliances,6,1080.352,-9.303200000000004,0.0,LOSS-MAKING;,MINIMISE STOCK
OFF-BI-10003707,Aluminum Screw Posts,Binders,20,562.444,-9.155999999999999,0.0,LOSS-MAKING;,MINIMISE STOCK
OFF-BI-10001116,"Wilson Jones 1"" Hanging DublLock Ring Binders",Binders,26,678.304,-9.081599999999998,16.666666666666664,HIGH-RETURN;LOSS-MAKING;,MINIMISE STOCK
TEC-PH-10004188,OtterBox Commuter Series Case - Samsung Galaxy S4,Phones,2,157.984,-8.9964,0.0,DEAD-STOCK;OBSOLETE-RISK;,REVIEW / PHASE-OUT
FUR-TA-10000688,"Chromcraft Bull-Nose Wood Round Conference Table Top, Wood Base",Tables,8,1544.81,-8.713999999999999,0.0,OBSOLETE-RISK;LOSS-MAKING;,REVIEW / PHASE-OUT
TEC-AC-10004227,SanDisk Ultra 16 GB MicroSDHC Class 10 Memory Card,Accessories,9,226.322,-8.5734,0.0,LOSS-MAKING;,MINIMISE STOCK
OFF-BI-10004209,"Fellowes Twister Kit, Gray/Clear, 3/pkg",Binders,27,870.952,-8.442000000000004,0.0,LOSS-MAKING;,MINIMISE STOCK
FUR-FU-10001967,Telescoping Adjustable Floor Lamp,Furnishings,8,470.94399999999996,-7.996000000000001,0.0,LOSS-MAKING;,MINIMISE STOCK
TEC-PH-10000169,ARKON Windshield Dashboard Air Vent Car Mount Holder,Phones,7,209.48000000000002,-7.797000000000001,0.0,LOSS-MAKING;,MINIMISE STOCK
TEC-PH-10004348,OtterBox Defender Series Case - iPhone 5c,Phones,2,128.376,-7.396,0.0,DEAD-STOCK;OBSOLETE-RISK;,REVIEW / PHASE-OUT
TEC-PH-10000376,Square Credit Card Reader,Phones,11,191.926,-7.3926,0.0,LOSS-MAKING;,MINIMISE STOCK
OFF-BI-10001658,GBC Standard Therm-A-Bind Covers,Binders,22,441.072,-6.977600000000001,0.0,LOSS-MAKING;,MINIMISE STOCK
OFF-BI-10003676,"GBC Standard Recycled Report Covers, Clear Plastic Sheets",Binders,27,347.452,-6.8992,0.0,LOSS-MAKING;,MINIMISE STOCK
FUR-FU-10001602,"Eldon Delta Triangular Chair Mat, 52"" x 58"", Clear",Furnishings,9,598.096,-6.827400000000001,0.0,LOSS-MAKING;,MINIMISE STOCK
OFF-AP-10003217,Eureka Sanitaire  Commercial Upright,Appliances,6,946.124,-6.628399999999999,0.0,LOSS-MAKING;,MINIMISE STOCK
OFF-BI-10004716,Wilson Jones Hanging Recycled Pressboard Data Binders,Binders,2,8.904,-6.5296,0.0,DEAD-STOCK;OBSOLETE-RISK;,REVIEW / PHASE-OUT
OFF-AP-10001626,"Commercial WindTunnel Clean Air Upright Vacuum, Replacement Belts, Filtration Bags",Appliances,9,209.45,-6.4574,25.0,HIGH-RETURN;LOSS-MAKING;,MINIMISE STOCK
OFF-SU-10001225,Staple remover,Supplies,11,263.856,-5.8144,0.0,LOSS-MAKING;,MINIMISE STOCK
OFF-BI-10002609,Avery Hidden Tab Dividers for Binding Systems,Binders,11,539.92,-5.7812,0.0,LOSS-MAKING;,MINIMISE STOCK
FUR-BO-10003159,"Sauder Camden County Collection Libraries, Planked Cherry Finish",Bookcases,11,1229.2008,-5.748999999999995,25.0,HIGH-RETURN;LOSS-MAKING;,MINIMISE STOCK
OFF-BI-10002194,Cardinal Hold-It CD Pocket,Binders,4,11.172,-5.7456,0.0,OBSOLETE-RISK;,REVIEW / PHASE-OUT
FUR-FU-10000305,"Tenex V2T-RE Standard Weight Series Chair Mat, 45"" x 53"", Lip 25"" x 12""",Furnishings,2,134.568,-5.6784,0.0,DEAD-STOCK;OBSOLETE-RISK;,REVIEW / PHASE-OUT
FUR-FU-10004415,"Stacking Tray, Side-Loading, Legal, Smoke",Furnishings,14,262.632,-5.6448,0.0,LOSS-MAKING;,MINIMISE STOCK
FUR-CH-10000422,Global Highback Leather Tilter in Burgundy,Chairs,9,795.4250000000001,-5.459400000000006,0.0,LOSS-MAKING;,MINIMISE STOCK
FUR-FU-10000820,Tensor Brushed Steel Torchiere Floor Lamp,Furnishings,6,391.154,-5.4368,0.0,LOSS-MAKING;,MINIMISE STOCK
OFF-AP-10000804,Hoover Portapower Portable Vacuum,Appliances,12,354.94399999999996,-5.376,33.33333333333333,HIGH-RETURN;LOSS-MAKING;,MINIMISE STOCK
OFF-BI-10002813,Avery Reinforcements for Hole-Punch Pages,Binders,22,411.61199999999997,-5.346,0.0,LOSS-MAKING;,MINIMISE STOCK
OFF-AP-10004655,"Holmes Visible Mist Ultrasonic Humidifier with 2.3-Gallon Output per Day, Replacement Filter",Appliances,1,78.264,-5.2072,0.0,DEAD-STOCK;OBSOLETE-RISK;,REVIEW / PHASE-OUT
OFF-ST-10002583,Fellowes Neat Ideas Storage Cubes,Storage,11,377.792,-5.196800000000001,0.0,LOSS-MAKING;,MINIMISE STOCK
OFF-ST-10000321,Akro Stacking Bins,Storage,9,186.12,-5.0496,25.0,HIGH-RETURN;LOSS-MAKING;,MINIMISE STOCK
OFF-AP-10002203,Eureka Disposable Bags for Sanitaire Vibra Groomer I Upright Vac,Appliances,2,99.624,-4.466,0.0,DEAD-STOCK;OBSOLETE-RISK;,REVIEW / PHASE-OUT
OFF-SU-10002301,Serrated Blade or Curved Handle Hand Letter Openers,Supplies,7,17.584,-4.1762,0.0,OBSOLETE-RISK;LOSS-MAKING;,REVIEW / PHASE-OUT
OFF-BI-10000216,"Mead 1st Gear 2"" Zipper Binder, Asst. Colors",Binders,9,402.474,-3.891,0.0,LOSS-MAKING;,MINIMISE STOCK
OFF-BI-10004002,Wilson Jones International Size A4 Ring Binders,Binders,16,522.13,-3.805999999999994,0.0,LOSS-MAKING;,MINIMISE STOCK
OFF-AP-10001634,Hoover Commercial Lightweight Upright Vacuum,Appliances,2,360.392,-3.7584,0.0,DEAD-STOCK;OBSOLETE-RISK;,REVIEW / PHASE-OUT
OFF-BI-10002049,UniKeep View Case Binders,Binders,4,194.846,-3.7164,50.0,HIGH-RETURN;,MINIMISE STOCK
TEC-PH-10001817,Wilson Electronics DB Pro Signal Booster,Phones,17,4548.2,-3.579999999999984,0.0,LOSS-MAKING;,MINIMISE STOCK
FUR-FU-10004671,"Executive Impressions 12"" Wall Clock",Furnishings,10,280.02,-3.533999999999999,0.0,LOSS-MAKING;,MINIMISE STOCK
TEC-PH-10000307,Shocksock Galaxy S4 Armband,Phones,2,146.52,-3.504,0.0,DEAD-STOCK;OBSOLETE-RISK;,REVIEW / PHASE-OUT
OFF-BI-10001982,Wilson Jones Custom Binder Spines & Labels,Binders,3,4.896,-3.4272,0.0,OBSOLETE-RISK;,REVIEW / PHASE-OUT
OFF-BI-10000948,"GBC Laser Imprintable Binding System Covers, Desert Sand",Binders,8,57.08,-3.424800000000001,0.0,LOSS-MAKING;,MINIMISE STOCK
FUR-TA-10003837,Anderson Hickey Conga Table Tops & Accessories,Tables,2,131.368,-3.3506,100.0,DEAD-STOCK;HIGH-RETURN;OBSOLETE-RISK;,REVIEW / PHASE-OUT
OFF-ST-10001469,Fellowes Bankers Box Recycled Super Stor/Drawer,Storage,9,453.432,-3.2388000000000012,0.0,LOSS-MAKING;,MINIMISE STOCK
OFF-ST-10000563,Fellowes Bankers Box Stor/Drawer Steel Plus,Storage,25,1315.3519999999999,-3.198000000000002,0.0,LOSS-MAKING;,MINIMISE STOCK
OFF-ST-10002957,Sterilite Show Offs Storage Containers,Storage,10,249.632,-3.168,33.33333333333333,HIGH-RETURN;LOSS-MAKING;,MINIMISE STOCK
OFF-BI-10002071,Fellowes Black Plastic Comb Bindings,Binders,21,1164.748,-3.137400000000001,33.33333333333333,HIGH-RETURN;LOSS-MAKING;,MINIMISE STOCK
TEC-AC-10002076,Microsoft Natural Keyboard Elite,Accessories,1,973.904,-2.994,0.0,DEAD-STOCK;OBSOLETE-RISK;,REVIEW / PHASE-OUT
TEC-AC-10000199,Kingston Digital DataTraveler 8GB USB 2.0,Accessories,8,113.08000000000001,-2.856,0.0,LOSS-MAKING;,MINIMISE STOCK
FUR-FU-10002505,Eldon 100 Class Desk Accessories,Furnishings,3,4.044,-2.8308,0.0,OBSOLETE-RISK;,REVIEW / PHASE-OUT
FUR-CH-10001797,"Safco Chair Connectors, 6/Carton",Chairs,7,213.552,-2.6936,0.0,OBSOLETE-RISK;LOSS-MAKING;,REVIEW / PHASE-OUT
OFF-BI-10004141,Insertable Tab Indexes For Data Binders,Binders,10,223.62800000000001,-2.5439999999999996,0.0,LOSS-MAKING;,MINIMISE STOCK
TEC-AC-10001552,Logitech K350 2.4Ghz Wireless Keyboard,Accessories,5,307.988,-2.4885,0.0,LOSS-MAKING;,MINIMISE STOCK
OFF-BI-10003784,Computer Printout Index Tabs,Binders,14,406.744,-2.4864,0.0,LOSS-MAKING;,MINIMISE STOCK
OFF-BI-10003094,Self-Adhesive Ring Binder Labels,Binders,2,78.408,-2.3232,0.0,DEAD-STOCK;OBSOLETE-RISK;,REVIEW / PHASE-OUT
OFF-FA-10000053,Revere Boxed Rubber Bands by Revere,Fasteners,15,118.70400000000001,-2.079,0.0,LOSS-MAKING;,MINIMISE STOCK
FUR-TA-10004534,Bevis 44 x 96 Conference Tables,Tables,7,929.22,-2.0589999999999975,0.0,LOSS-MAKING;,MINIMISE STOCK
OFF-BI-10000831,Storex Flexible Poly Binders with Double Pockets,Binders,9,91.82400000000001,-2.0064,0.0,LOSS-MAKING;,MINIMISE STOCK
TEC-MA-10003493,Penpower WorldCard Pro Card Scanner,Machines,1,91.475,-1.8295,0.0,DEAD-STOCK;OBSOLETE-RISK;,REVIEW / PHASE-OUT
OFF-BI-10003984,Lock-Up Easel 'Spel-Binder',Binders,22,665.948,-1.7118000000000002,0.0,LOSS-MAKING;,MINIMISE STOCK
FUR-FU-10001095,DAX Black Cherry Wood-Tone Poster Frame,Furnishings,3,271.664,-1.588799999999999,50.0,HIGH-RETURN;,MINIMISE STOCK
TEC-AC-10000387,KeyTronic KT800P2 - Keyboard - Black,Accessories,5,157.08,-1.502,50.0,HIGH-RETURN;LOSS-MAKING;,MINIMISE STOCK
OFF-SU-10001935,Staple remover,Supplies,9,428.44,-1.3952,25.0,HIGH-RETURN;LOSS-MAKING;,MINIMISE STOCK
FUR-FU-10000193,Tenex Chairmats For Use with Hard Floors,Furnishings,7,263.87199999999996,-1.2992000000000008,50.0,HIGH-RETURN;LOSS-MAKING;,MINIMISE STOCK
OFF-SU-10000432,Acco Side-Punched Conventional Columnar Pads,Supplies,2,103.552,-1.041,0.0,DEAD-STOCK;OBSOLETE-RISK;,REVIEW / PHASE-OUT
OFF-AP-10003278,Belkin 7-Outlet SurgeMaster Home Series,Appliances,9,394.202,-0.838200000000001,0.0,LOSS-MAKING;,MINIMISE STOCK
OFF-FA-10004968,Rubber Band Ball,Fasteners,9,852.164,-0.8228,0.0,LOSS-MAKING;,MINIMISE STOCK
OFF-FA-10003472,Bagged Rubber Bands,Fasteners,14,3492.6140000000005,-0.8064,0.0,LOSS-MAKING;,MINIMISE STOCK
TEC-AC-10003441,Kingston Digital DataTraveler 32GB USB 2.0,Accessories,16,680.25,-0.6780000000000004,0.0,LOSS-MAKING;,MINIMISE STOCK
OFF-AP-10002906,Hoover Replacement Belt for Commercial Guardsman Heavy-Duty Upright Vacuum,Appliances,2,221.664,-0.44400000000000006,0.0,DEAD-STOCK;,MINIMISE STOCK
OFF-BI-10001617,GBC Wire Binding Combs,Binders,11,574.972,-0.31019999999999825,0.0,LOSS-MAKING;,MINIMISE STOCK
TEC-AC-10004877,Imation 30456 USB Flash Drive 8GB,Accessories,7,44.16,-0.2759999999999998,0.0,LOSS-MAKING;,MINIMISE STOCK
OFF-BI-10003350,Acco Expandable Hanging Binders,Binders,6,129.416,-0.2551999999999994,0.0,LOSS-MAKING;,MINIMISE STOCK
OFF-FA-10004395,Plymouth Boxed Rubber Bands by Plymouth,Fasteners,11,362.984,-0.23550000000000004,0.0,LOSS-MAKING;,MINIMISE STOCK
OFF-BI-10001757,Pressboard Hanging Data Binders for Unburst Sheets,Binders,32,1291.672,-0.19680000000000142,0.0,LOSS-MAKING;,MINIMISE STOCK
OFF-BI-10002393,Binder Posts,Binders,13,353.18,-0.11480000000000068,0.0,LOSS-MAKING;,MINIMISE STOCK
OFF-SU-10003505,Premier Electric Letter Opener,Supplies,24,2149.6079999999997,-7.105427357601002e-15,0.0,LOSS-MAKING;,MINIMISE STOCK
OFF-ST-10003324,Belkin OmniView SE Rackmount Kit,Storage,7,338.36,0.0,0.0,OBSOLETE-RISK;,REVIEW / PHASE-OUT
FUR-TA-10004086,KI Adjustable-Height Table,Tables,15,1048.9660000000001,8.881784197001252e-16,25.0,HIGH-RETURN;,MINIMISE STOCK
OFF-SU-10003002,Letter Slitter,Supplies,2,5.04,0.1512,0.0,DEAD-STOCK;OBSOLETE-RISK;,REVIEW / PHASE-OUT
OFF-SU-10002189,Acme Rosewood Handle Letter Opener,Supplies,4,15.88,0.1588,0.0,OBSOLETE-RISK;,REVIEW / PHASE-OUT
OFF-FA-10002701,Alliance Rubber Bands,Fasteners,5,619.4,0.336,0.0,OBSOLETE-RISK;,REVIEW / PHASE-OUT
TEC-AC-10002380,Sony 8GB Class 10 Micro SDHC R40 Memory Card,Accessories,3,103.192,0.3399,0.0,OBSOLETE-RISK;,REVIEW / PHASE-OUT
OFF-AR-10000896,Newell 329,Art,3,7.872,0.5904,0.0,OBSOLETE-RISK;,REVIEW / PHASE-OUT
OFF-FA-10000840,OIC Thumb-Tacks,Fasteners,2,71.824,0.6156,0.0,DEAD-STOCK;OBSOLETE-RISK;,REVIEW / PHASE-OUT
TEC-PH-10003655,Sannysis Cute Owl Design Soft Skin Case Cover for Samsung Galaxy S4,Phones,5,89.92,0.693,0.0,OBSOLETE-RISK;,REVIEW / PHASE-OUT
OFF-AR-10003190,Newell 32,Art,1,2.88,0.8064,0.0,DEAD-STOCK;OBSOLETE-RISK;,REVIEW / PHASE-OUT
OFF-BI-10004528,Cardinal Poly Pocket Divider Pockets for Ring Binders,Binders,1,118.688,0.84,0.0,DEAD-STOCK;OBSOLETE-RISK;,REVIEW / PHASE-OUT
OFF-LA-10002381,Avery 497,Labels,1,124.464,0.8624,0.0,DEAD-STOCK;OBSOLETE-RISK;,REVIEW / PHASE-OUT
OFF-SU-10003567,Stiletto Hand Letter Openers,Supplies,3,28.8,0.864,0.0,OBSOLETE-RISK;,REVIEW / PHASE-OUT
OFF-AR-10004707,Staples in misc. colors,Art,1,373.48,0.868,0.0,DEAD-STOCK;OBSOLETE-RISK;,REVIEW / PHASE-OUT
OFF-ST-10003572,Portfile Personal File Boxes,Storage,1,14.16,1.062,0.0,DEAD-STOCK;OBSOLETE-RISK;,REVIEW / PHASE-OUT
OFF-BI-10002432,Wilson Jones Standard D-Ring Binders,Binders,13,291.926,1.0626000000000002,25.0,HIGH-RETURN;,MINIMISE STOCK
OFF-LA-10002368,Avery 479,Labels,1,2.61,1.2006,0.0,DEAD-STOCK;OBSOLETE-RISK;,REVIEW / PHASE-OUT
OFF-FA-10003021,Staples,Fasteners,2,106.76,1.316,0.0,DEAD-STOCK;OBSOLETE-RISK;,REVIEW / PHASE-OUT
OFF-BI-10004876,Wilson Jones Suede Grain Vinyl Binders,Binders,1,73.78,1.3622,100.0,DEAD-STOCK;HIGH-RETURN;OBSOLETE-RISK;,REVIEW / PHASE-OUT
FUR-FU-10002506,"Tensor ""Hersey Kiss"" Styled Floor Lamp",Furnishings,1,106.99,1.5588,0.0,DEAD-STOCK;OBSOLETE-RISK;,REVIEW / PHASE-OUT
OFF-AR-10004165,"Binney & Smith inkTank Erasable Pocket Highlighter, Chisel Tip, Yellow",Art,3,5.472,1.6416,0.0,OBSOLETE-RISK;,REVIEW / PHASE-OUT
FUR-FU-10001867,"Eldon Expressions Punched Metal & Wood Desk Accessories, Pewter & Cherry",Furnishings,2,88.024,1.7024,100.0,DEAD-STOCK;HIGH-RETURN;OBSOLETE-RISK;,REVIEW / PHASE-OUT
TEC-AC-10002558,Imation Swivel Flash Drive USB flash drive - 8 GB,Accessories,1,105.096,1.7055,0.0,DEAD-STOCK;OBSOLETE-RISK;,REVIEW / PHASE-OUT
OFF-AR-10001022,SANFORD Liquid Accent Tank-Style Highlighters,Art,2,95.68,1.7608,0.0,DEAD-STOCK;OBSOLETE-RISK;,REVIEW / PHASE-OUT
OFF-SU-10004290,"Acme Design Line 8"" Stainless Steel Bent Scissors w/Champagne Handles, 3-1/8"" Cut",Supplies,1,6.84,1.8468,0.0,DEAD-STOCK;OBSOLETE-RISK;,REVIEW / PHASE-OUT
TEC-PH-10002844,Speck Products Candyshell Flip Case,Phones,1,115.992,2.0994,0.0,DEAD-STOCK;OBSOLETE-RISK;,REVIEW / PHASE-OUT
OFF-PA-10004000,"While You Were Out Pads, 50 per Pad, 4 x 5 1/4, Green Cycle",Paper,1,4.73,2.3177,0.0,DEAD-STOCK;OBSOLETE-RISK;,REVIEW / PHASE-OUT
OFF-FA-10000490,"OIC Binder Clips, Mini, 1/4"" Capacity, Black",Fasteners,4,87.96,2.3312,0.0,OBSOLETE-RISK;,REVIEW / PHASE-OUT
OFF-AR-10000127,Newell 321,Art,8,97.992,2.3616,0.0,OBSOLETE-RISK;,REVIEW / PHASE-OUT
OFF-EN-10001535,Grip Seal Envelopes,Envelopes,2,7.072,2.3868,0.0,DEAD-STOCK;OBSOLETE-RISK;,REVIEW / PHASE-OUT
OFF-AR-10003903,Sanford 52201 APSCO Electric Pencil Sharpener,Art,1,93.776,2.4582,0.0,DEAD-STOCK;OBSOLETE-RISK;,REVIEW / PHASE-OUT
TEC-AC-10002370,Maxell CD-R Discs,Accessories,4,86.88,2.5216,0.0,OBSOLETE-RISK;,REVIEW / PHASE-OUT
FUR-FU-10003981,Eldon Wave Desk Accessories,Furnishings,3,113.24,2.6208,0.0,OBSOLETE-RISK;,REVIEW / PHASE-OUT
OFF-AR-10003772,Boston 16750 Black Compact Battery Pencil Sharpener,Art,1,8.75,2.625,0.0,DEAD-STOCK;OBSOLETE-RISK;,REVIEW / PHASE-OUT
OFF-PA-10003919,Xerox 1989,Paper,2,117.968,2.6892,0.0,DEAD-STOCK;OBSOLETE-RISK;,REVIEW / PHASE-OUT
OFF-AR-10003477,4009 Highlighters,Art,6,8.04,2.7336,0.0,OBSOLETE-RISK;,REVIEW / PHASE-OUT
OFF-AR-10003217,Newell 316,Art,7,27.384,2.7384,0.0,OBSOLETE-RISK;,REVIEW / PHASE-OUT
OFF-LA-10003388,Avery 5,Labels,2,94.76,2.8224,0.0,DEAD-STOCK;OBSOLETE-RISK;,REVIEW / PHASE-OUT
OFF-AR-10004974,Newell 342,Art,3,9.84,2.8536,0.0,OBSOLETE-RISK;,REVIEW / PHASE-OUT
OFF-ST-10003221,Staple magnet,Storage,1,216.68,2.8836,0.0,DEAD-STOCK;OBSOLETE-RISK;,REVIEW / PHASE-OUT
OFF-PA-10001243,Xerox 1983,Paper,1,5.98,2.9302,0.0,DEAD-STOCK;OBSOLETE-RISK;,REVIEW / PHASE-OUT
OFF-FA-10001229,Staples,Fasteners,3,92.432,3.0654,0.0,OBSOLETE-RISK;,REVIEW / PHASE-OUT
OFF-AR-10004027,"Binney & Smith inkTank Erasable Desk Highlighter, Chisel Tip, Yellow, 12/Box",Art,3,127.56,3.0996,0.0,OBSOLETE-RISK;,REVIEW / PHASE-OUT
OFF-AR-10003986,Avery Hi-Liter Pen Style Six-Color Fluorescent Set,Art,2,7.7,3.157,0.0,DEAD-STOCK;OBSOLETE-RISK;,REVIEW / PHASE-OUT
OFF-PA-10004947,Easy-staple paper,Paper,3,10.272,3.21,0.0,OBSOLETE-RISK;,REVIEW / PHASE-OUT
OFF-ST-10004946,Desktop 3-Pocket Hot File,Storage,1,145.28,3.246,0.0,DEAD-STOCK;OBSOLETE-RISK;,REVIEW / PHASE-OUT
TEC-AC-10000487,SanDisk Cruzer 4 GB USB Flash Drive,Accessories,3,15.576,3.3099,0.0,OBSOLETE-RISK;,REVIEW / PHASE-OUT
OFF-LA-10002473,Avery 484,Labels,4,9.216,3.3408,0.0,OBSOLETE-RISK;,REVIEW / PHASE-OUT
FUR-FU-10001025,"Eldon Imàge Series Desk Accessories, Clear",Furnishings,3,114.664,3.3534,100.0,HIGH-RETURN;OBSOLETE-RISK;,REVIEW / PHASE-OUT
OFF-EN-10003160,Pastel Pink Envelopes,Envelopes,1,252.28,3.4944,0.0,DEAD-STOCK;OBSOLETE-RISK;,REVIEW / PHASE-OUT
TEC-AC-10003133,Memorex Mini Travel Drive 4 GB USB 2.0 Flash Drive,Accessories,2,13.616,3.5742,0.0,DEAD-STOCK;OBSOLETE-RISK;,REVIEW / PHASE-OUT
OFF-ST-10001627,Eldon Jumbo ProFile Portable File Boxes Graphite/Black,Storage,3,36.744,3.6744,0.0,OBSOLETE-RISK;,REVIEW / PHASE-OUT
OFF-SU-10004737,Acme Design Stainless Steel Bent Scissors,Supplies,2,13.68,3.6936,0.0,DEAD-STOCK;OBSOLETE-RISK;,REVIEW / PHASE-OUT
OFF-PA-10002109,Wirebound Voice Message Log Book,Paper,3,113.424,3.7128,0.0,OBSOLETE-RISK;,REVIEW / PHASE-OUT
OFF-AR-10001940,"Sanford Colorific Eraseable Coloring Pencils, 12 Count",Art,5,105.12,3.772,0.0,OBSOLETE-RISK;,REVIEW / PHASE-OUT
OFF-PA-10003036,"Black Print Carbonless 8 1/2"" x 8 1/4"" Rapid Memo Book",Paper,2,11.648,3.7856,0.0,DEAD-STOCK;OBSOLETE-RISK;,REVIEW / PHASE-OUT
OFF-LA-10000476,"Avery 05222 Permanent Self-Adhesive File Folder Labels for Typewriters, on Rolls, White, 250/Roll",Labels,2,117.26,3.7996,0.0,DEAD-STOCK;OBSOLETE-RISK;,REVIEW / PHASE-OUT
OFF-AR-10003876,"Avery Hi-Liter GlideStik Fluorescent Highlighter, Yellow Ink",Art,5,112.04,3.912,0.0,OBSOLETE-RISK;,REVIEW / PHASE-OUT
OFF-ST-10002444,Recycled Eldon Regeneration Jumbo File,Storage,4,148.296,3.9296,0.0,OBSOLETE-RISK;,REVIEW / PHASE-OUT
OFF-PA-10000528,Xerox 1981,Paper,3,116.672,3.96,0.0,OBSOLETE-RISK;,REVIEW / PHASE-OUT
OFF-LA-10004272,Avery 482,Labels,3,117.67,4.0749,0.0,OBSOLETE-RISK;,REVIEW / PHASE-OUT
OFF-LA-10004425,Staple-on labels,Labels,3,8.67,4.0749,0.0,OBSOLETE-RISK;,REVIEW / PHASE-OUT
OFF-BI-10000042,"Pressboard Data Binder, Crimson, 12"" X 8 1/2""",Binders,3,12.816,4.1652,0.0,OBSOLETE-RISK;,REVIEW / PHASE-OUT
TEC-PH-10002070,Griffin GC36547 PowerJolt SE Lightning Charger,Phones,2,35.984,4.498,0.0,DEAD-STOCK;OBSOLETE-RISK;,REVIEW / PHASE-OUT
OFF-PA-10003270,Xerox 1954,Paper,2,10.56,4.752,0.0,DEAD-STOCK;OBSOLETE-RISK;,REVIEW / PHASE-OUT
OFF-AR-10003770,Newell 340,Art,6,17.28,5.0112,0.0,OBSOLETE-RISK;,REVIEW / PHASE-OUT
OFF-PA-10000955,Southworth 25% Cotton Granite Paper & Envelopes,Paper,3,15.696,5.1012,0.0,OBSOLETE-RISK;,REVIEW / PHASE-OUT
FUR-BO-10000362,Sauder Inglewood Library Bookcases,Bookcases,1,136.784,5.1294,0.0,DEAD-STOCK;OBSOLETE-RISK;,REVIEW / PHASE-OUT
OFF-AR-10001315,Newell 310,Art,17,552.4000000000001,5.1568,0.0,OBSOLETE-RISK;,REVIEW / PHASE-OUT
OFF-EN-10004147,Wausau Papers Astrobrights Colored Envelopes,Envelopes,3,130.352,5.2026,0.0,OBSOLETE-RISK;,REVIEW / PHASE-OUT
OFF-PA-10000308,Xerox 1901,Paper,4,143.896,5.28,0.0,OBSOLETE-RISK;,REVIEW / PHASE-OUT
OFF-PA-10002365,Xerox 1967,Paper,3,114.552,5.4432,0.0,OBSOLETE-RISK;,REVIEW / PHASE-OUT
OFF-PA-10000556,Xerox 208,Paper,3,94.552,5.4432,0.0,OBSOLETE-RISK;,REVIEW / PHASE-OUT
OFF-AR-10003251,Prang Drawing Pencil Set,Art,8,327.904,5.5600000000000005,25.0,HIGH-RETURN;,MINIMISE STOCK
OFF-PA-10002333,"Universal Ultra Bright White Copier/Laser Paper, 8 1/2"" x 11"", Ream",Paper,3,108.552,5.6376,0.0,OBSOLETE-RISK;,REVIEW / PHASE-OUT
FUR-FU-10003026,"Eldon Regeneration Recycled Desk Accessories, Black",Furnishings,3,14.52,5.6628,0.0,OBSOLETE-RISK;,REVIEW / PHASE-OUT
OFF-PA-10003739,Xerox 1969,Paper,2,88.56,5.6644,0.0,DEAD-STOCK;OBSOLETE-RISK;,REVIEW / PHASE-OUT
OFF-BI-10003727,Avery Durable Slant Ring Binders With Label Holder,Binders,25,159.192,5.852000000000001,16.666666666666664,HIGH-RETURN;,MINIMISE STOCK
OFF-PA-10004470,"Adams Write n' Stick Phone Message Book, 11"" X 5 1/4"", 200 Messages",Paper,4,121.176,5.9072,0.0,OBSOLETE-RISK;,REVIEW / PHASE-OUT
OFF-AR-10001118,"Binney & Smith Crayola Metallic Crayons, 16-Color Pack",Art,4,457.48,5.9312,0.0,OBSOLETE-RISK;,REVIEW / PHASE-OUT
OFF-AR-10004587,"Boston 1827 Commercial Additional Cutter, Drive Gear & Gear Rack for 1606",Art,1,103.83,5.949,0.0,DEAD-STOCK;OBSOLETE-RISK;,REVIEW / PHASE-OUT
OFF-AR-10003856,Newell 344,Art,13,274.804,6.0604,25.0,HIGH-RETURN;,MINIMISE STOCK
OFF-BI-10003655,Durable Pressboard Binders,Binders,6,144.24,6.156,0.0,OBSOLETE-RISK;,REVIEW / PHASE-OUT
TEC-AC-10001635,KeyTronic KT400U2 - Keyboard - Black,Accessories,3,30.84,6.168,0.0,OBSOLETE-RISK;,REVIEW / PHASE-OUT
OFF-PA-10004255,Xerox 219,Paper,2,114.96,6.2208,0.0,DEAD-STOCK;OBSOLETE-RISK;,REVIEW / PHASE-OUT
TEC-PH-10000004,Belkin iPhone and iPad Lightning Cable,Phones,7,129.944,6.2958,0.0,OBSOLETE-RISK;,REVIEW / PHASE-OUT
OFF-PA-10002001,Xerox 1984,Paper,2,135.96,6.3504,0.0,DEAD-STOCK;OBSOLETE-RISK;,REVIEW / PHASE-OUT
OFF-AR-10001227,Newell 338,Art,8,146.51999999999998,6.3504000000000005,50.0,HIGH-RETURN;,MINIMISE STOCK
OFF-AR-10003896,"Stride Job 150 Highlighters, Chisel Tip, Assorted Colors",Art,3,111.94,6.4584,0.0,OBSOLETE-RISK;,REVIEW / PHASE-OUT
OFF-AR-10004930,Turquoise Lead Holder with Pocket Clip,Art,3,20.1,6.633,0.0,OBSOLETE-RISK;,REVIEW / PHASE-OUT
OFF-ST-10004186,"Stur-D-Stor Shelving, Vertical 5-Shelf: 72""H x 36""W x 18 1/2""D",Storage,3,332.94,6.6588,0.0,OBSOLETE-RISK;,REVIEW / PHASE-OUT
OFF-PA-10000466,"Memo Book, 100 Message Capacity, 5 3/8” x 11”",Paper,2,13.48,6.74,0.0,DEAD-STOCK;OBSOLETE-RISK;,REVIEW / PHASE-OUT
OFF-AP-10004052,"Hoover Replacement Belts For Soft Guard & Commercial Ltweight Upright Vacs, 2/Pk",Appliances,9,106.18,6.872999999999999,33.33333333333333,HIGH-RETURN;,MINIMISE STOCK
FUR-FU-10000409,"GE 4 Foot Flourescent Tube, 40 Watt",Furnishings,1,14.98,6.8908,0.0,DEAD-STOCK;OBSOLETE-RISK;,REVIEW / PHASE-OUT
OFF-LA-10004677,Self-Adhesive Address Labels for Typewriters with Dispenser Box,Labels,7,152.664,6.9741,0.0,OBSOLETE-RISK;,REVIEW / PHASE-OUT
OFF-PA-10000587,"Array Parchment Paper, Assorted Colors",Paper,2,14.56,6.9888,0.0,DEAD-STOCK;OBSOLETE-RISK;,REVIEW / PHASE-OUT
OFF-LA-10001175,Avery 514,Labels,5,123.4,7.056,0.0,OBSOLETE-RISK;,REVIEW / PHASE-OUT
OFF-PA-10003016,"Adams ""While You Were Out"" Message Pads",Paper,5,95.7,7.065,0.0,OBSOLETE-RISK;,REVIEW / PHASE-OUT
FUR-FU-10002685,"Executive Impressions 13-1/2"" Indoor/Outdoor Wall Clock",Furnishings,1,130.7,7.106,0.0,DEAD-STOCK;OBSOLETE-RISK;,REVIEW / PHASE-OUT
FUR-TA-10001520,"Lesro Sheffield Collection Coffee Table, End Table, Center Table, Corner Table",Tables,30,1994.25,7.136999999999993,33.33333333333333,HIGH-RETURN;,MINIMISE STOCK
OFF-PA-10004405,Rediform Voice Mail Log Books,Paper,5,14.9,7.152,0.0,OBSOLETE-RISK;,REVIEW / PHASE-OUT
OFF-LA-10004055,Color-Coded Legal Exhibit Labels,Labels,3,234.73,7.2177,0.0,OBSOLETE-RISK;,REVIEW / PHASE-OUT
OFF-AP-10003281,Acco 6 Outlet Guardian Standard Surge Suppressor,Appliances,2,104.18,7.254,0.0,DEAD-STOCK;OBSOLETE-RISK;,REVIEW / PHASE-OUT
OFF-PA-10001826,Xerox 207,Paper,4,97.736,7.2576,0.0,OBSOLETE-RISK;,REVIEW / PHASE-OUT
OFF-PA-10000061,Xerox 205,Paper,4,115.736,7.2576,0.0,OBSOLETE-RISK;,REVIEW / PHASE-OUT
OFF-PA-10000223,Xerox 2000,Paper,4,150.736,7.2576,0.0,OBSOLETE-RISK;,REVIEW / PHASE-OUT
OFF-PA-10001837,Xerox 1976,Paper,4,20.736,7.2576,0.0,OBSOLETE-RISK;,REVIEW / PHASE-OUT
OFF-ST-10001172,"Tennsco Lockers, Sand",Storage,9,200.056,7.5528,0.0,OBSOLETE-RISK;,REVIEW / PHASE-OUT
OFF-AR-10000203,Newell 336,Art,11,204.08800000000002,7.661200000000001,50.0,HIGH-RETURN;,MINIMISE STOCK
OFF-FA-10004248,Advantus T-Pin Paper Clips,Fasteners,7,236.06,7.8023,33.33333333333333,HIGH-RETURN;,MINIMISE STOCK
OFF-EN-10002621,Staple envelope,Envelopes,2,496.60400000000004,7.824,0.0,DEAD-STOCK;,MINIMISE STOCK
OFF-PA-10000350,"Message Book, Standard Line ""While You Were Out"", 5 1/2"" X 4"", 200 Sets/Book",Paper,2,17.12,8.0464,0.0,DEAD-STOCK;OBSOLETE-RISK;,REVIEW / PHASE-OUT
OFF-ST-10003722,Project Tote Personal File,Storage,2,138.06,8.1374,0.0,DEAD-STOCK;,MINIMISE STOCK
OFF-PA-10002709,Xerox 1956,Paper,5,102.92,8.671,0.0,OBSOLETE-RISK;,REVIEW / PHASE-OUT
OFF-LA-10002043,Avery 489,Labels,3,94.84,8.694,0.0,OBSOLETE-RISK;,REVIEW / PHASE-OUT
OFF-PA-10001184,Xerox 1903,Paper,3,96.94,8.7906,0.0,OBSOLETE-RISK;,REVIEW / PHASE-OUT
OFF-PA-10000069,"TOPS 4 x 6 Fluorescent Color Memo Sheets, 500 Sheets per Pack",Paper,2,122.98,8.9206,0.0,DEAD-STOCK;OBSOLETE-RISK;,REVIEW / PHASE-OUT
OFF-PA-10001763,Xerox 1896,Paper,2,19.98,8.991,0.0,DEAD-STOCK;OBSOLETE-RISK;,REVIEW / PHASE-OUT
TEC-PH-10001870,Lunatik TT5L-002 Taktik Strike Impact Protection System for iPhone 5,Phones,3,146.952,9.1845,0.0,OBSOLETE-RISK;,REVIEW / PHASE-OUT
OFF-BI-10004330,"GBC Velobind Prepunched Cover Sets, Regency Series",Binders,25,700.72,9.245000000000005,20.0,HIGH-RETURN;,MINIMISE STOCK
OFF-EN-10003072,Peel & Seel Envelopes,Envelopes,5,143.4,9.312,100.0,HIGH-RETURN;OBSOLETE-RISK;,REVIEW / PHASE-OUT
OFF-PA-10003349,Xerox 1957,Paper,5,25.92,9.396,0.0,OBSOLETE-RISK;,REVIEW / PHASE-OUT
FUR-FU-10001424,Dax Clear Box Frame,Furnishings,12,505.57,9.4284,20.0,HIGH-RETURN;,MINIMISE STOCK
OFF-ST-10000798,2300 Heavy-Duty Transfer File Systems by Perma,Storage,2,162.96,9.4924,0.0,DEAD-STOCK;OBSOLETE-RISK;,REVIEW / PHASE-OUT
FUR-FU-10003489,Contemporary Borderless Frame,Furnishings,3,152.83,9.5571,0.0,OBSOLETE-RISK;,REVIEW / PHASE-OUT
OFF-BI-10001249,Avery Heavy-Duty EZD View Binder with Locking Rings,Binders,5,26.796,9.57,0.0,OBSOLETE-RISK;,REVIEW / PHASE-OUT
OFF-FA-10000089,Acco Glide Clips,Fasteners,5,282.6,9.604,100.0,HIGH-RETURN;OBSOLETE-RISK;,REVIEW / PHASE-OUT
OFF-AR-10001026,"Sanford Uni-Blazer View Highlighters, Chisel Tip, Yellow",Art,10,109.0,9.68,0.0,OBSOLETE-RISK;,REVIEW / PHASE-OUT
OFF-PA-10001307,"Important Message Pads, 50 4-1/4 x 5-1/2 Forms per Pad",Paper,8,100.88,9.744,0.0,OBSOLETE-RISK;,REVIEW / PHASE-OUT
OFF-AR-10002766,Prang Drawing Pencil Set,Art,13,131.14000000000001,9.7578,33.33333333333333,HIGH-RETURN;,MINIMISE STOCK
OFF-ST-10004258,Portable Personal File Box,Storage,3,36.63,9.8901,0.0,OBSOLETE-RISK;,REVIEW / PHASE-OUT
TEC-PH-10004922,RCA Visys Integrated PBX 8-Line Router,Phones,3,184.776,10.0485,0.0,OBSOLETE-RISK;,REVIEW / PHASE-OUT
OFF-FA-10001332,"Acco Banker's Clasps, 5 3/4""-Long",Fasteners,8,527.4639999999999,10.2528,0.0,OBSOLETE-RISK;,REVIEW / PHASE-OUT
OFF-BI-10002706,Avery Premier Heavy-Duty Binder with Round Locking Rings,Binders,2,128.704,10.281600000000001,0.0,DEAD-STOCK;,MINIMISE STOCK
OFF-LA-10001934,Avery 516,Labels,3,21.93,10.3071,0.0,OBSOLETE-RISK;,REVIEW / PHASE-OUT
TEC-AC-10001101,Sony 16GB Class 10 Micro SDHC R40 Memory Card,Accessories,8,121.12,10.312,0.0,OBSOLETE-RISK;,REVIEW / PHASE-OUT
OFF-PA-10003424,"""While you Were Out"" Message Book, One Form per Page",Paper,8,309.228,10.388,33.33333333333333,HIGH-RETURN;,MINIMISE STOCK
FUR-FU-10002508,Document Clip Frames,Furnishings,3,131.02,10.5084,0.0,OBSOLETE-RISK;,REVIEW / PHASE-OUT
OFF-PA-10000130,Xerox 199,Paper,10,160.24,10.700000000000001,0.0,OBSOLETE-RISK;,REVIEW / PHASE-OUT
OFF-PA-10002751,Xerox 1920,Paper,4,23.92,10.764,0.0,OBSOLETE-RISK;,REVIEW / PHASE-OUT
OFF-FA-10001561,Stockwell Push Pins,Fasteners,15,421.70000000000005,10.791,33.33333333333333,HIGH-RETURN;,MINIMISE STOCK
TEC-AC-10001090,Micro Innovations Wireless Classic Keyboard with Mouse,Accessories,2,156.98,10.7964,0.0,DEAD-STOCK;OBSOLETE-RISK;,REVIEW / PHASE-OUT
OFF-AR-10004648,Boston 19500 Mighty Mite Electric Pencil Sharpener,Art,2,135.3,10.881,0.0,DEAD-STOCK;OBSOLETE-RISK;,REVIEW / PHASE-OUT
OFF-EN-10001539,Staple envelope,Envelopes,3,131.34,10.9698,0.0,OBSOLETE-RISK;,REVIEW / PHASE-OUT
OFF-PA-10000174,"Message Book, Wirebound, Four 5 1/2"" X 4"" Forms/Pg., 200 Dupl. Sets/Book",Paper,4,132.896,11.1024,0.0,OBSOLETE-RISK;,REVIEW / PHASE-OUT
TEC-PH-10000912,Anker 24W Portable Micro USB Car Charger,Phones,4,150.168,11.4296,0.0,OBSOLETE-RISK;,REVIEW / PHASE-OUT
OFF-PA-10002230,Xerox 1897,Paper,8,165.872,11.5536,0.0,OBSOLETE-RISK;,REVIEW / PHASE-OUT
OFF-BI-10004492,Tuf-Vin Binders,Binders,11,539.796,11.684599999999998,25.0,HIGH-RETURN;,MINIMISE STOCK
FUR-FU-10004351,Staple-based wall hangings,Furnishings,10,233.23200000000003,11.688,33.33333333333333,HIGH-RETURN;,MINIMISE STOCK
FUR-FU-10003829,Stackable Trays,Furnishings,15,335.12,11.704,33.33333333333333,HIGH-RETURN;,MINIMISE STOCK
OFF-PA-10001215,Xerox 1963,Paper,5,128.4,11.88,0.0,OBSOLETE-RISK;,REVIEW / PHASE-OUT
TEC-AC-10000926,NETGEAR RangeMax WNR1000 Wireless Router,Accessories,3,59.976,11.9952,0.0,OBSOLETE-RISK;,REVIEW / PHASE-OUT
TEC-AC-10001874,Logitech Wireless Anywhere Mouse MX for PC and Mac,Accessories,2,132.984,11.998,0.0,DEAD-STOCK;OBSOLETE-RISK;,REVIEW / PHASE-OUT
OFF-ST-10001414,Decoflex Hanging Personal Folder File,Storage,3,133.26,12.0276,0.0,OBSOLETE-RISK;,REVIEW / PHASE-OUT
OFF-PA-10003883,"Message Book, Phone, Wirebound Standard Line Memo, 2 3/4"" X 5""",Paper,4,103.2,12.052,0.0,OBSOLETE-RISK;,REVIEW / PHASE-OUT
OFF-LA-10000452,Avery 488,Labels,8,25.2,12.096,0.0,OBSOLETE-RISK;,REVIEW / PHASE-OUT
FUR-FU-10002268,Ultra Door Push Plate,Furnishings,16,157.81199999999998,12.1768,0.0,OBSOLETE-RISK;,REVIEW / PHASE-OUT
OFF-AP-10002495,"Acco Smartsocket Table Surge Protector, 6 Color-Coded Adapter Outlets",Appliances,2,139.28,12.41,0.0,DEAD-STOCK;OBSOLETE-RISK;,REVIEW / PHASE-OUT
OFF-PA-10001526,Xerox 1949,Paper,8,129.868,12.549600000000002,0.0,OBSOLETE-RISK;,REVIEW / PHASE-OUT
OFF-BI-10002003,Ibico Presentation Index for Binding Systems,Binders,25,752.67,12.934999999999999,33.33333333333333,HIGH-RETURN;,MINIMISE STOCK
OFF-LA-10003121,Avery 506,Labels,7,153.91,13.2986,0.0,OBSOLETE-RISK;,REVIEW / PHASE-OUT
OFF-BI-10000546,Avery Durable Binders,Binders,21,560.352,13.5072,16.666666666666664,HIGH-RETURN;,MINIMISE STOCK
OFF-LA-10002787,Avery 480,Labels,8,119.25,13.65,0.0,OBSOLETE-RISK;,REVIEW / PHASE-OUT
TEC-AC-10003237,Memorex Micro Travel Drive 4 GB,Accessories,3,379.8,13.674,0.0,OBSOLETE-RISK;,REVIEW / PHASE-OUT
OFF-EN-10003798,"Recycled Interoffice Envelopes with Re-Use-A-Seal Closure, 10 x 13",Envelopes,3,40.968,13.8267,0.0,OBSOLETE-RISK;,REVIEW / PHASE-OUT
TEC-PH-10003535,RCA ViSYS 25423RE1 Corded phone,Phones,2,159.984,13.9986,0.0,DEAD-STOCK;OBSOLETE-RISK;,REVIEW / PHASE-OUT
TEC-MA-10002930,Ricoh - Ink Collector Unit for GX3000 Series Printers,Machines,12,479.745,14.262999999999998,50.0,HIGH-RETURN;OBSOLETE-RISK;,REVIEW / PHASE-OUT
OFF-AR-10000246,Newell 318,Art,23,456.716,14.4004,20.0,HIGH-RETURN;,MINIMISE STOCK
OFF-PA-10003309,Xerox 211,Paper,8,143.472,14.5152,0.0,OBSOLETE-RISK;,REVIEW / PHASE-OUT
FUR-FU-10000206,"GE General Purpose, Extra Long Life, Showcase & Floodlight Incandescent Bulbs",Furnishings,20,395.39599999999996,14.549999999999999,28.57142857142857,HIGH-RETURN;,MINIMISE STOCK
FUR-TA-10004767,Safco Drafting Table,Tables,9,610.468,14.9058,33.33333333333333,HIGH-RETURN;,MINIMISE STOCK
OFF-PA-10003657,Xerox 1927,Paper,14,340.93600000000004,14.98,0.0,OBSOLETE-RISK;,REVIEW / PHASE-OUT
TEC-AC-10003289,Anker Ultra-Slim Mini Bluetooth 3.0 Wireless Keyboard,Accessories,5,208.954,14.992500000000001,50.0,HIGH-RETURN;,MINIMISE STOCK
OFF-FA-10000304,Advantus Push Pins,Fasteners,19,143.676,15.238199999999999,20.0,HIGH-RETURN;,MINIMISE STOCK
OFF-BI-10001890,Avery Poly Binder Pockets,Binders,21,266.416,15.3224,0.0,OBSOLETE-RISK;,REVIEW / PHASE-OUT
FUR-TA-10001691,"Barricks Non-Folding Utility Table with Steel Legs, Laminate Tops",Tables,2,136.464,15.3522,0.0,DEAD-STOCK;OBSOLETE-RISK;,REVIEW / PHASE-OUT
OFF-PA-10002741,Xerox 1980,Paper,8,225.24,15.408,50.0,HIGH-RETURN;,MINIMISE STOCK
FUR-FU-10002703,"Tenex Traditional Chairmats for Hard Floors, Average Lip, 36"" x 48""",Furnishings,2,157.9,15.468,0.0,DEAD-STOCK;OBSOLETE-RISK;,REVIEW / PHASE-OUT
OFF-PA-10002105,Xerox 223,Paper,5,32.4,15.552,0.0,OBSOLETE-RISK;,REVIEW / PHASE-OUT
OFF-BI-10002949,Prestige Round Ring Binders,Binders,13,599.76,15.868800000000002,20.0,HIGH-RETURN;,MINIMISE STOCK
OFF-BI-10004094,GBC Standard Plastic Binding Systems Combs,Binders,6,244.365,16.284,33.33333333333333,HIGH-RETURN;,MINIMISE STOCK
OFF-EN-10003068,#6 3/4 Gummed Flap White Envelopes,Envelopes,6,212.52,16.631999999999998,0.0,OBSOLETE-RISK;,REVIEW / PHASE-OUT
OFF-AR-10004691,Boston 1730 StandUp Electric Pencil Sharpener,Art,3,161.14,16.6764,0.0,OBSOLETE-RISK;,REVIEW / PHASE-OUT
OFF-BI-10004352,Wilson Jones DublLock D-Ring Binders,Binders,5,33.75,16.875,0.0,OBSOLETE-RISK;,REVIEW / PHASE-OUT
OFF-LA-10003190,Avery 474,Labels,14,412.016,17.4528,25.0,HIGH-RETURN;,MINIMISE STOCK
TEC-PH-10004071,PayAnywhere Card Reader,Phones,25,555.8,17.4825,20.0,HIGH-RETURN;,MINIMISE STOCK
TEC-PH-10001924,iHome FM Clock Radio with Lightning Dock,Phones,13,835.9,17.4975,40.0,HIGH-RETURN;,MINIMISE STOCK
OFF-AP-10000326,Belkin 7 Outlet SurgeMaster Surge Protector with Phone Protection,Appliances,5,157.92,17.766,0.0,OBSOLETE-RISK;,REVIEW / PHASE-OUT
OFF-PA-10000595,Xerox 1929,Paper,3,54.816,17.8152,0.0,OBSOLETE-RISK;,REVIEW / PHASE-OUT
OFF-PA-10001712,Xerox 1948,Paper,4,160.96,17.982,0.0,OBSOLETE-RISK;,REVIEW / PHASE-OUT
TEC-PH-10001061,Apple iPhone 5C,Phones,3,239.976,17.9982,0.0,OBSOLETE-RISK;,REVIEW / PHASE-OUT
OFF-ST-10000532,Advantus Rolling Drawer Organizers,Storage,8,311.272,18.4704,50.0,HIGH-RETURN;,MINIMISE STOCK
OFF-PA-10000295,Xerox 229,Paper,6,38.88,18.6624,0.0,OBSOLETE-RISK;,REVIEW / PHASE-OUT
OFF-LA-10001404,Avery 517,Labels,13,380.28,18.8559,25.0,HIGH-RETURN;,MINIMISE STOCK
OFF-BI-10000014,Heavy-Duty E-Z-D Binders,Binders,25,809.6500000000001,19.092499999999998,0.0,OBSOLETE-RISK;,REVIEW / PHASE-OUT
OFF-AR-10003759,"Crayola Anti Dust Chalk, 12/Pack",Art,29,466.77599999999995,19.747,16.666666666666664,HIGH-RETURN;,MINIMISE STOCK
OFF-PA-10000726,"Black Print Carbonless Snap-Off Rapid Letter, 8 1/2"" x 7""",Paper,8,148.126,20.042,0.0,OBSOLETE-RISK;,REVIEW / PHASE-OUT
OFF-AR-10003696,Panasonic KP-350BK Electric Pencil Sharpener with Auto Stop,Art,2,513.16,20.0564,0.0,DEAD-STOCK;,MINIMISE STOCK
OFF-AR-10003602,"Quartet Omega Colored Chalk, 12/Pack",Art,10,573.392,20.44,20.0,HIGH-RETURN;,MINIMISE STOCK
OFF-LA-10003077,Avery 500,Labels,6,151.86,20.6142,100.0,HIGH-RETURN;OBSOLETE-RISK;,REVIEW / PHASE-OUT
OFF-AR-10004042,"BOSTON Model 1800 Electric Pencil Sharpeners, Putty/Woodgrain",Art,4,103.92,20.8568,0.0,OBSOLETE-RISK;,REVIEW / PHASE-OUT
OFF-AR-10001468,"Sanford Prismacolor Professional Thick Lead Art Pencils, 36-Color Set",Art,3,121.856,21.3408,0.0,OBSOLETE-RISK;,REVIEW / PHASE-OUT
OFF-PA-10003363,Xerox 204,Paper,7,45.36,21.7728,0.0,OBSOLETE-RISK;,REVIEW / PHASE-OUT
FUR-CH-10002774,"Global Deluxe Stacking Chair, Gray",Chairs,7,585.2919999999999,21.9214,33.33333333333333,HIGH-RETURN;,MINIMISE STOCK
FUR-FU-10002554,"Westinghouse Floor Lamp with Metal Mesh Shade, Black",Furnishings,4,278.96,22.0708,50.0,HIGH-RETURN;,MINIMISE STOCK
OFF-BI-10002437,Recycled Premium Regency Composition Covers,Binders,5,61.12,22.156,0.0,OBSOLETE-RISK;,REVIEW / PHASE-OUT
TEC-PH-10003273,AT&T TR1909W,Phones,3,302.376,22.6782,0.0,OBSOLETE-RISK;,REVIEW / PHASE-OUT
OFF-AP-10003266,"Holmes Replacement Filter for HEPA Air Cleaner, Large Room",Appliances,7,361.93600000000004,22.8074,50.0,HIGH-RETURN;,MINIMISE STOCK
OFF-PA-10000682,Xerox 1924,Paper,11,261.488,23.062199999999997,33.33333333333333,HIGH-RETURN;,MINIMISE STOCK
OFF-LA-10000134,Avery 511,Labels,19,435.592,23.1616,0.0,OBSOLETE-RISK;,REVIEW / PHASE-OUT
TEC-PH-10002923,"Logitech B530 USB Headset - headset - Full size, Binaural",Phones,9,430.328,23.3037,25.0,HIGH-RETURN;,MINIMISE STOCK
OFF-ST-10000129,Fellowes Recycled Storage Drawers,Storage,3,343.09,23.3163,0.0,OBSOLETE-RISK;,REVIEW / PHASE-OUT
OFF-FA-10002780,Staples,Fasteners,24,319.98400000000004,23.3632,25.0,HIGH-RETURN;,MINIMISE STOCK
OFF-PA-10000501,Petty Cash Envelope,Paper,3,64.704,23.4552,0.0,OBSOLETE-RISK;,REVIEW / PHASE-OUT
OFF-EN-10004955,Fashion Color Clasp Envelopes,Envelopes,9,130.69,23.8581,0.0,OBSOLETE-RISK;,REVIEW / PHASE-OUT
OFF-PA-10004610,Xerox 1900,Paper,15,168.92000000000002,24.61,25.0,HIGH-RETURN;,MINIMISE STOCK
TEC-PH-10001615,AT&T CL82213,Phones,3,136.97,25.2213,0.0,OBSOLETE-RISK;,REVIEW / PHASE-OUT
FUR-CH-10002780,Office Star - Task Chair with Contemporary Loop Arms,Chairs,2,194.764,25.4744,0.0,DEAD-STOCK;OBSOLETE-RISK;,REVIEW / PHASE-OUT
OFF-PA-10004734,Southworth Structures Collection,Paper,7,50.96,25.48,0.0,OBSOLETE-RISK;,REVIEW / PHASE-OUT
OFF-EN-10002973,Ampad #10 Peel & Seel Holiday Envelopes,Envelopes,12,157.76,25.8048,33.33333333333333,HIGH-RETURN;,MINIMISE STOCK
FUR-CH-10002317,Global Enterprise Series Seating Low-Back Swivel/Tilt Chairs,Chairs,1,257.184,25.898,0.0,DEAD-STOCK;OBSOLETE-RISK;,REVIEW / PHASE-OUT
OFF-PA-10004609,Xerox 221,Paper,10,260.616,25.92,33.33333333333333,HIGH-RETURN;,MINIMISE STOCK
OFF-AR-10001419,Newell 325,Art,31,643.64,26.019,20.0,HIGH-RETURN;,MINIMISE STOCK
TEC-PH-10002185,QVS USB Car Charger 2-Port 2.1Amp for iPod/iPhone/iPad/iPad 2/iPad 3,Phones,11,494.11,26.0625,25.0,HIGH-RETURN;,MINIMISE STOCK
OFF-PA-10000743,Xerox 1977,Paper,9,413.448,26.1856,25.0,HIGH-RETURN;,MINIMISE STOCK
FUR-FU-10003878,"Linden 10"" Round Wall Clock, Black",Furnishings,18,645.808,26.281599999999997,20.0,HIGH-RETURN;,MINIMISE STOCK
OFF-SU-10002503,Acme Preferred Stainless Steel Scissors,Supplies,16,297.88,26.355200000000004,25.0,HIGH-RETURN;,MINIMISE STOCK
OFF-AP-10001303,"Holmes Cool Mist Humidifier for the Whole House with 8-Gallon Output per Day, Extended Life Filter",Appliances,3,59.7,26.865,0.0,OBSOLETE-RISK;,REVIEW / PHASE-OUT
FUR-FU-10004666,DAX Clear Channel Poster Frame,Furnishings,5,108.9,26.973,100.0,HIGH-RETURN;OBSOLETE-RISK;,REVIEW / PHASE-OUT
TEC-PH-10001051,HTC One,Phones,3,249.976,26.9973,100.0,HIGH-RETURN;OBSOLETE-RISK;,REVIEW / PHASE-OUT
FUR-FU-10004093,Hand-Finished Solid Wood Document Frame,Furnishings,4,635.228,27.384,50.0,HIGH-RETURN;OBSOLETE-RISK;,REVIEW / PHASE-OUT
OFF-ST-10000918,Crate-A-Files,Storage,13,812.98,28.122,20.0,HIGH-RETURN;,MINIMISE STOCK
OFF-PA-10003256,Avery Personal Creations Heavyweight Cards,Paper,8,188.164,28.157600000000002,0.0,OBSOLETE-RISK;,REVIEW / PHASE-OUT
OFF-PA-10003893,Xerox 1962,Paper,20,335.328,28.248,20.0,HIGH-RETURN;,MINIMISE STOCK
OFF-PA-10003845,Xerox 1987,Paper,10,263.8,28.322,33.33333333333333,HIGH-RETURN;,MINIMISE STOCK
OFF-EN-10002986,"#10-4 1/8"" x 9 1/2"" Premium Diagonal Seam Envelopes",Envelopes,4,109.96,28.332,0.0,OBSOLETE-RISK;,REVIEW / PHASE-OUT
OFF-BI-10000069,"GBC Prepunched Paper, 19-Hole, for Binding Systems, 24-lb",Binders,21,455.63300000000004,29.419600000000003,20.0,HIGH-RETURN;,MINIMISE STOCK
OFF-PA-10000312,Xerox 1955,Paper,5,125.36,29.692,100.0,HIGH-RETURN;OBSOLETE-RISK;,REVIEW / PHASE-OUT
FUR-FU-10002918,Eldon ClusterMat Chair Mat with Cordless Antistatic Protection,Furnishings,3,272.94,30.0234,0.0,OBSOLETE-RISK;,REVIEW / PHASE-OUT
TEC-AC-10000865,WD My Passport Ultra 500GB Portable External Hard Drive,Accessories,3,177.0,30.09,0.0,OBSOLETE-RISK;,REVIEW / PHASE-OUT
OFF-AR-10003514,4009 Highlighters by Sanford,Art,26,338.5,30.168400000000002,20.0,HIGH-RETURN;,MINIMISE STOCK
OFF-PA-10000232,Xerox 1975,Paper,12,539.9839999999999,30.3264,20.0,HIGH-RETURN;,MINIMISE STOCK
OFF-EN-10004773,Staple envelope,Envelopes,2,61.96,30.3604,0.0,DEAD-STOCK;OBSOLETE-RISK;,REVIEW / PHASE-OUT
OFF-ST-10001321,"Decoflex Hanging Personal Folder File, Blue",Storage,11,248.20000000000002,30.3774,50.0,HIGH-RETURN;,MINIMISE STOCK
FUR-FU-10003095,"Linden 12"" Wall Clock With Oak Frame",Furnishings,3,101.94,30.582,0.0,OBSOLETE-RISK;,REVIEW / PHASE-OUT
TEC-PH-10003357,Grandstream GXP2100 Mainstream Business Phone,Phones,5,305.96,30.596,0.0,OBSOLETE-RISK;,REVIEW / PHASE-OUT
OFF-PA-10003591,Southworth 100% Cotton The Best Paper,Paper,9,82.656,30.996,0.0,OBSOLETE-RISK;,REVIEW / PHASE-OUT
OFF-PA-10001001,"Snap-A-Way Black Print Carbonless Speed Message, No Reply Area, Duplicate",Paper,4,93.248,31.4712,0.0,OBSOLETE-RISK;,REVIEW / PHASE-OUT
OFF-PA-10000807,"TOPS ""Important Message"" Pads, Canary, 4-1/4 x 5-1/2, 50 Sheets per Pad",Paper,17,174.192,31.629199999999997,33.33333333333333,HIGH-RETURN;,MINIMISE STOCK
TEC-AC-10003447,Micropad Numeric Keypads,Accessories,8,151.924,31.984,0.0,OBSOLETE-RISK;,REVIEW / PHASE-OUT
OFF-PA-10003001,Xerox 1986,Paper,10,66.8,32.064,0.0,OBSOLETE-RISK;,REVIEW / PHASE-OUT
OFF-LA-10001641,Avery 518,Labels,23,298.93,32.256,25.0,HIGH-RETURN;,MINIMISE STOCK
FUR-FU-10001706,Longer-Life Soft White Bulbs,Furnishings,22,243.76,32.5248,33.33333333333333,HIGH-RETURN;,MINIMISE STOCK
FUR-FU-10000073,Deflect-O Glasstique Clear Desk Accessories,Furnishings,13,100.1,33.033,0.0,OBSOLETE-RISK;,REVIEW / PHASE-OUT
OFF-EN-10001028,Staple envelope,Envelopes,6,181.88,33.0648,0.0,OBSOLETE-RISK;,REVIEW / PHASE-OUT
OFF-AR-10002399,"Dixon Prang Watercolor Pencils, 10-Color Set with Brush",Art,19,173.94,33.1854,0.0,OBSOLETE-RISK;,REVIEW / PHASE-OUT
OFF-BI-10001294,Fellowes Binding Cases,Binders,21,327.48,33.345,33.33333333333333,HIGH-RETURN;,MINIMISE STOCK
TEC-MA-10001016,Canon PC170 Desktop Personal Copier,Machines,3,287.91,33.5895,0.0,OBSOLETE-RISK;,REVIEW / PHASE-OUT
OFF-PA-10004041,"It's Hot Message Books with Stickers, 2 3/4"" x 5""",Paper,15,462.72,33.67,25.0,HIGH-RETURN;,MINIMISE STOCK
FUR-BO-10000330,"Sauder Camden County Barrister Bookcase, Planked Cherry Finish",Bookcases,2,276.96,33.8744,0.0,DEAD-STOCK;OBSOLETE-RISK;,REVIEW / PHASE-OUT
TEC-PH-10002033,Konftel 250 Conference phone - Charcoal black,Phones,2,485.712,34.1784,0.0,DEAD-STOCK;OBSOLETE-RISK;,REVIEW / PHASE-OUT
OFF-SU-10000946,Staple remover,Supplies,21,660.216,34.2342,50.0,HIGH-RETURN;,MINIMISE STOCK
OFF-LA-10003720,Avery 487,Labels,24,191.18,34.2432,16.666666666666664,HIGH-RETURN;OBSOLETE-RISK;,REVIEW / PHASE-OUT
OFF-BI-10003638,GBC Durable Plastic Covers,Binders,18,551.525,34.443,25.0,HIGH-RETURN;,MINIMISE STOCK
OFF-ST-10000649,Hanging Personal Folder File,Storage,13,298.4,35.325,25.0,HIGH-RETURN;,MINIMISE STOCK
OFF-LA-10002762,Avery 485,Labels,6,104.18,35.3346,0.0,OBSOLETE-RISK;,REVIEW / PHASE-OUT
TEC-MA-10000423,Texas Instruments TI-34 Scientific Calculator,Machines,6,105.552,35.6238,0.0,OBSOLETE-RISK;,REVIEW / PHASE-OUT
OFF-BI-10002103,"Cardinal Slant-D Ring Binder, Heavy Gauge Vinyl",Binders,20,678.3499999999999,36.498,33.33333333333333,HIGH-RETURN;,MINIMISE STOCK
OFF-EN-10000461,"#10- 4 1/8"" x 9 1/2"" Recycled Envelopes",Envelopes,11,725.148,38.1938,33.33333333333333,HIGH-RETURN;,MINIMISE STOCK
OFF-AP-10004249,Staple holder,Appliances,18,702.308,39.0222,66.66666666666666,HIGH-RETURN;,MINIMISE STOCK
TEC-PH-10004434,Cisco IP Phone 7961G VoIP phone - Dark gray,Phones,1,135.95,39.4255,0.0,DEAD-STOCK;OBSOLETE-RISK;,REVIEW / PHASE-OUT
OFF-AR-10001958,Stanley Bostitch Contemporary Electric Pencil Sharpeners,Art,17,1227.908,40.0728,33.33333333333333,HIGH-RETURN;,MINIMISE STOCK
OFF-PA-10002262,Xerox 192,Paper,13,264.24,40.4352,25.0,HIGH-RETURN;,MINIMISE STOCK
TEC-PH-10000439,GE DSL Phone Line Filter,Phones,7,382.94000000000005,41.189699999999995,33.33333333333333,HIGH-RETURN;,MINIMISE STOCK
OFF-PA-10004101,Xerox 1894,Paper,15,237.016,41.471999999999994,0.0,OBSOLETE-RISK;,REVIEW / PHASE-OUT
OFF-AR-10001615,Newell 34,Art,15,694.888,41.664,25.0,HIGH-RETURN;,MINIMISE STOCK
TEC-PH-10000560,Samsung Galaxy S III - 16GB - pebble blue (T-Mobile),Phones,19,4874.862,41.99880000000002,33.33333333333333,HIGH-RETURN;,MINIMISE STOCK
OFF-PA-10001950,Southworth 25% Cotton Antique Laid Paper & Envelopes,Paper,13,207.748,42.117000000000004,0.0,OBSOLETE-RISK;,REVIEW / PHASE-OUT
TEC-AC-10000580,Logitech G13 Programmable Gameboard with LCD Display,Accessories,14,1122.8700000000001,43.194599999999994,25.0,HIGH-RETURN;,MINIMISE STOCK
TEC-MA-10002937,"Canon Color ImageCLASS MF8580Cdw Wireless Laser All-In-One Printer, Copier, Scanner",Machines,3,1007.979,43.1991,0.0,OBSOLETE-RISK;,REVIEW / PHASE-OUT
OFF-LA-10002034,Avery 478,Labels,18,368.38,43.3062,25.0,HIGH-RETURN;,MINIMISE STOCK
OFF-PA-10002036,Xerox 1930,Paper,19,437.27200000000005,43.4808,25.0,HIGH-RETURN;,MINIMISE STOCK
OFF-PA-10001593,Xerox 1947,Paper,18,385.856,43.653999999999996,25.0,HIGH-RETURN;,MINIMISE STOCK
OFF-PA-10001892,"Rediform Wirebound ""Phone Memo"" Message Book, 11 x 5-3/4",Paper,17,332.016,43.77719999999999,20.0,HIGH-RETURN;,MINIMISE STOCK
OFF-AR-10003582,"Boston Electric Pencil Sharpener, Model 1818, Charcoal Black",Art,7,299.78999999999996,43.913999999999994,50.0,HIGH-RETURN;,MINIMISE STOCK
OFF-AP-10004980,3M Replacement Filter for Office Air Cleaner for 20' x 33' Room,Appliances,3,113.76,44.3664,0.0,OBSOLETE-RISK;,REVIEW / PHASE-OUT
TEC-MA-10003066,Wasp CCD Handheld Bar Code Reader,Machines,3,370.51,44.868,0.0,OBSOLETE-RISK;,REVIEW / PHASE-OUT
OFF-PA-10004530,Personal Creations Ink Jet Cards and Labels,Paper,8,108.84,45.0016,0.0,OBSOLETE-RISK;,REVIEW / PHASE-OUT
OFF-BI-10000404,Avery Printable Repositionable Plastic Tabs,Binders,15,511.52,45.150000000000006,20.0,HIGH-RETURN;,MINIMISE STOCK
TEC-AC-10001383,Logitech Wireless Touch Keyboard K400,Accessories,13,448.874,45.231899999999996,50.0,HIGH-RETURN;,MINIMISE STOCK
OFF-BI-10000174,"Wilson Jones Clip & Carry Folder Binder Tool for Ring Binders, Clear",Binders,44,677.06,45.356,25.0,HIGH-RETURN;,MINIMISE STOCK
FUR-FU-10000747,Tenex B1-RE Series Chair Mats for Low Pile Carpets,Furnishings,13,642.564,46.439800000000005,25.0,HIGH-RETURN;,MINIMISE STOCK
TEC-PH-10000702,"Square Credit Card Reader, 4 1/2"" x 4 1/2"" x 1"", White",Phones,15,470.874,46.4535,25.0,HIGH-RETURN;,MINIMISE STOCK
OFF-PA-10000019,Xerox 1931,Paper,20,349.048,46.656,20.0,HIGH-RETURN;,MINIMISE STOCK
FUR-CH-10003061,"Global Leather Task Chair, Black",Chairs,18,1546.849,46.794799999999995,28.57142857142857,HIGH-RETURN;,MINIMISE STOCK
OFF-PA-10000210,Xerox Blank Computer Paper,Paper,5,99.9,46.953,0.0,OBSOLETE-RISK;,REVIEW / PHASE-OUT
OFF-AP-10000696,Holmes Odor Grabber,Appliances,10,171.2,47.586,50.0,HIGH-RETURN;,MINIMISE STOCK
FUR-FU-10004963,"Eldon 400 Class Desk Accessories, Black Carbon",Furnishings,22,1112.25,47.6,16.666666666666664,HIGH-RETURN;,MINIMISE STOCK
FUR-CH-10003981,Global Commerce Series Low-Back Swivel/Tilt Chairs,Chairs,21,4001.398,48.82620000000001,20.0,HIGH-RETURN;,MINIMISE STOCK
TEC-MA-10003674,Hewlett-Packard Deskjet 5550 Printer,Machines,3,607.132,49.761,0.0,OBSOLETE-RISK;,REVIEW / PHASE-OUT
OFF-AP-10003884,"Fellowes Smart Surge Ten-Outlet Protector, Platinum",Appliances,3,194.66,50.5848,0.0,OBSOLETE-RISK;,REVIEW / PHASE-OUT
OFF-AP-10001492,"Acco Six-Outlet Power Strip, 4' Cord Length",Appliances,23,626.26,51.5476,33.33333333333333,HIGH-RETURN;,MINIMISE STOCK
OFF-BI-10004965,Ibico Covers for Plastic or Wire Binding Elements,Binders,10,498.0,51.75,33.33333333333333,HIGH-RETURN;,MINIMISE STOCK
OFF-AR-10000937,"Dixon Ticonderoga Core-Lock Colored Pencils, 48-Color Set",Art,6,205.44,52.632,0.0,OBSOLETE-RISK;,REVIEW / PHASE-OUT
TEC-AC-10004420,Cherry 142-key Programmable Keyboard,Accessories,4,479.72,52.7692,0.0,OBSOLETE-RISK;,REVIEW / PHASE-OUT
TEC-MA-10004679,StarTech.com 10/100 VDSL2 Ethernet Extender Kit,Machines,2,555.72,53.272,100.0,DEAD-STOCK;HIGH-RETURN;OBSOLETE-RISK;,REVIEW / PHASE-OUT
OFF-EN-10001219,"#10- 4 1/8"" x 9 1/2"" Security-Tint Envelopes",Envelopes,18,593.768,53.632799999999996,16.666666666666664,HIGH-RETURN;,MINIMISE STOCK
OFF-PA-10002120,Xerox 1889,Paper,2,109.92,53.8608,0.0,DEAD-STOCK;OBSOLETE-RISK;,REVIEW / PHASE-OUT
OFF-AP-10002472,3M Office Air Cleaner,Appliances,6,182.88,54.558,0.0,OBSOLETE-RISK;,REVIEW / PHASE-OUT
FUR-CH-10002961,"Leather Task Chair, Black",Chairs,17,1849.9160000000002,54.588,20.0,HIGH-RETURN;,MINIMISE STOCK
TEC-PH-10004165,Mitel MiVoice 5330e IP Phone,Phones,20,4190.85,54.997999999999976,20.0,HIGH-RETURN;,MINIMISE STOCK
FUR-FU-10003976,"DAX Executive Solid Wood Document Frame, Desktop or Hang, Mahogany, 5 x 7",Furnishings,17,468.248,55.1004,20.0,HIGH-RETURN;,MINIMISE STOCK
TEC-PH-10002398,AT&T 1070 Corded Phone,Phones,5,445.96,55.745,0.0,OBSOLETE-RISK;,REVIEW / PHASE-OUT
TEC-AC-10001998,Logitech LS21 Speaker System - PC Multimedia - 2.1-CH - Wired,Accessories,10,904.906,55.972,20.0,HIGH-RETURN;,MINIMISE STOCK
TEC-AC-10004901,Kensington SlimBlade Notebook Wireless Mouse with Nano Receiver,Accessories,8,419.93600000000004,55.9888,0.0,OBSOLETE-RISK;,REVIEW / PHASE-OUT
OFF-PA-10001725,Xerox 1892,Paper,3,116.28,56.9772,0.0,OBSOLETE-RISK;,REVIEW / PHASE-OUT
OFF-ST-10000877,Recycled Steel Personal File for Standard File Folders,Storage,4,265.16,57.5016,0.0,OBSOLETE-RISK;,REVIEW / PHASE-OUT
TEC-PH-10004120,AT&T 1080 Phone,Phones,7,767.144,57.5358,0.0,OBSOLETE-RISK;,REVIEW / PHASE-OUT
FUR-FU-10002445,"DAX Two-Tone Rosewood/Black Document Frame, Desktop, 5 x 7",Furnishings,21,610.2239999999999,58.775999999999996,33.33333333333333,HIGH-RETURN;,MINIMISE STOCK
OFF-PA-10004082,"Adams Telephone Message Book w/Frequently-Called Numbers Space, 400 Messages per Book",Paper,15,529.7,59.85,0.0,OBSOLETE-RISK;,REVIEW / PHASE-OUT
OFF-EN-10002592,"Peel & Seel Recycled Catalog Envelopes, Brown",Envelopes,14,295.276,60.216,33.33333333333333,HIGH-RETURN;,MINIMISE STOCK
FUR-CH-10002439,"Iceberg Nesting Folding Chair, 19w x 6d x 43h",Chairs,4,559.88,60.5488,0.0,OBSOLETE-RISK;,REVIEW / PHASE-OUT
OFF-AR-10002445,SANFORD Major Accent Highlighters,Art,24,396.08799999999997,61.7376,20.0,HIGH-RETURN;,MINIMISE STOCK
TEC-PH-10000562,Samsung Convoy 3,Phones,2,221.98,62.1544,0.0,DEAD-STOCK;OBSOLETE-RISK;,REVIEW / PHASE-OUT
OFF-BI-10004230,GBC Recycled Grain Textured Covers,Binders,10,371.78,62.172000000000004,100.0,HIGH-RETURN;,MINIMISE STOCK
FUR-FU-10001588,"Deflect-o SuperTray Unbreakable Stackable Tray, Letter, Black",Furnishings,5,166.9,62.737,0.0,OBSOLETE-RISK;,REVIEW / PHASE-OUT
OFF-PA-10001363,Xerox 1933,Paper,11,217.08,63.4876,50.0,HIGH-RETURN;,MINIMISE STOCK
TEC-PH-10002200,Samsung Galaxy Note 2,Phones,24,4425.4220000000005,65.09880000000005,16.666666666666664,HIGH-RETURN;,MINIMISE STOCK
FUR-FU-10002671,Electrix 20W Halogen Replacement Bulb for Zoom-In Desk Lamp,Furnishings,11,142.04,65.392,0.0,OBSOLETE-RISK;,REVIEW / PHASE-OUT
FUR-FU-10003577,Nu-Dell Leatherette Frames,Furnishings,15,345.62800000000004,65.964,0.0,OBSOLETE-RISK;,REVIEW / PHASE-OUT
OFF-FA-10002280,Advantus Plastic Paper Clips,Fasteners,30,588.0,66.0,16.666666666666664,HIGH-RETURN;,MINIMISE STOCK
TEC-PH-10002468,"Plantronics CS 50-USB - headset - Convertible, Monaural",Phones,7,786.544,66.6351,100.0,HIGH-RETURN;OBSOLETE-RISK;,REVIEW / PHASE-OUT
OFF-BI-10000962,"Acco Flexible ACCOHIDE Square Ring Data Binder, Dark Blue, 11 1/2"" X 14"" 7/8""",Binders,18,432.01800000000003,68.6594,20.0,HIGH-RETURN;,MINIMISE STOCK
OFF-PA-10004735,Xerox 1905,Paper,23,448.448,68.94720000000001,20.0,HIGH-RETURN;,MINIMISE STOCK
OFF-PA-10003823,Xerox 197,Paper,9,254.056,69.705,0.0,OBSOLETE-RISK;,REVIEW / PHASE-OUT
OFF-PA-10003625,Xerox 1979,Paper,5,154.9,69.705,0.0,OBSOLETE-RISK;,REVIEW / PHASE-OUT
TEC-AC-10004114,KeyTronic 6101 Series - Keyboard - Black,Accessories,4,199.96,70.5028,0.0,OBSOLETE-RISK;,REVIEW / PHASE-OUT
TEC-PH-10000369,HTC One Mini,Phones,7,705.544,70.5544,0.0,OBSOLETE-RISK;,REVIEW / PHASE-OUT
FUR-FU-10004460,"Howard Miller 12"" Round Wall Clock",Furnishings,5,225.45,70.722,0.0,OBSOLETE-RISK;,REVIEW / PHASE-OUT
FUR-CH-10004886,Bevis Steel Folding Chairs,Chairs,18,1345.5149999999999,71.003,25.0,HIGH-RETURN;,MINIMISE STOCK
OFF-AP-10004532,Kensington 6 Outlet Guardian Standard Surge Protector,Appliances,13,499.24,71.8848,25.0,HIGH-RETURN;,MINIMISE STOCK
OFF-BI-10001460,Plastic Binding Combs,Binders,20,314.31,72.72,25.0,HIGH-RETURN;,MINIMISE STOCK
OFF-PA-10002499,Xerox 1890,Paper,3,166.82,73.41,0.0,OBSOLETE-RISK;,REVIEW / PHASE-OUT
OFF-PA-10003651,Xerox 1968,Paper,26,456.664,75.35040000000001,40.0,HIGH-RETURN;,MINIMISE STOCK
FUR-FU-10000293,Eldon Antistatic Chair Mats for Low to Medium Pile Carpets,Furnishings,12,1315.48,75.80879999999999,33.33333333333333,HIGH-RETURN;,MINIMISE STOCK
FUR-FU-10004091,"Eldon 200 Class Desk Accessories, Black",Furnishings,11,789.8679999999999,76.6304,25.0,HIGH-RETURN;,MINIMISE STOCK
OFF-PA-10001019,Xerox 1884,Paper,12,358.796,76.72319999999999,0.0,OBSOLETE-RISK;,REVIEW / PHASE-OUT
OFF-EN-10001434,"Strathmore #10 Envelopes, Ultimate White",Envelopes,3,158.13,77.4837,0.0,OBSOLETE-RISK;,REVIEW / PHASE-OUT
TEC-PH-10002564,OtterBox Defender Series Case - Samsung Galaxy S4,Phones,22,904.8199999999999,77.974,28.57142857142857,HIGH-RETURN;,MINIMISE STOCK
TEC-PH-10002496,Cisco SPA301,Phones,11,1332.118,77.995,20.0,HIGH-RETURN;,MINIMISE STOCK
FUR-FU-10000023,Eldon Wave Desk Accessories,Furnishings,39,608.684,81.0464,16.666666666666664,HIGH-RETURN;,MINIMISE STOCK
OFF-LA-10001158,"Avery Address/Shipping Labels for Typewriters, 4"" x 2""",Labels,19,768.23,81.972,33.33333333333333,HIGH-RETURN;,MINIMISE STOCK
OFF-AP-10002670,Belkin 8-Outlet Premiere SurgeMaster II Surge Protectors,Appliances,4,412.91999999999996,83.376,50.0,HIGH-RETURN;,MINIMISE STOCK
OFF-AP-10001205,Belkin 5 Outlet SurgeMaster Power Centers,Appliances,32,1553.208,84.9888,0.0,OBSOLETE-RISK;,REVIEW / PHASE-OUT
FUR-CH-10003817,"Global Value Steno Chair, Gray",Chairs,22,1425.246,85.036,16.666666666666664,HIGH-RETURN;,MINIMISE STOCK
OFF-EN-10003134,Staple envelope,Envelopes,18,495.55199999999996,86.43199999999999,33.33333333333333,HIGH-RETURN;,MINIMISE STOCK
OFF-ST-10002011,Smead Adjustable Mobile File Trolley with Lockable Top,Storage,3,1006.056,88.0299,0.0,OBSOLETE-RISK;,REVIEW / PHASE-OUT
OFF-AP-10001242,APC 7 Outlet Network SurgeArrest Surge Protector,Appliances,15,1073.568,88.52799999999999,16.666666666666664,HIGH-RETURN;,MINIMISE STOCK
OFF-BI-10002794,"Avery Trapezoid Ring Binder, 3"" Capacity, Black, 1040 sheets",Binders,11,535.644,89.7462,33.33333333333333,HIGH-RETURN;OBSOLETE-RISK;,REVIEW / PHASE-OUT
OFF-AR-10004602,Boston KS Multi-Size Manual Pencil Sharpener,Art,14,365.86,90.1208,25.0,HIGH-RETURN;,MINIMISE STOCK
FUR-CH-10003846,Hon Valutask Swivel Chairs,Chairs,10,1180.114,90.882,33.33333333333333,HIGH-RETURN;,MINIMISE STOCK
OFF-PA-10001281,Computer Printout Paper with Letter-Trim Fine Perforations,Paper,4,211.6,91.968,0.0,OBSOLETE-RISK;,REVIEW / PHASE-OUT
OFF-PA-10004353,Southworth 25% Cotton Premium Laser Paper and Envelopes,Paper,13,247.772,92.7072,33.33333333333333,HIGH-RETURN;,MINIMISE STOCK
OFF-AP-10000179,Honeywell Enviracaire Portable HEPA Air Cleaner for up to 10 x 16 Room,Appliances,4,394.816,93.7688,0.0,OBSOLETE-RISK;,REVIEW / PHASE-OUT
OFF-PA-10002558,Xerox 1938,Paper,7,284.24,93.884,0.0,OBSOLETE-RISK;,REVIEW / PHASE-OUT
OFF-ST-10002370,"Sortfiler Multipurpose Personal File Organizer, Black",Storage,20,524.854,94.116,25.0,HIGH-RETURN;,MINIMISE STOCK
OFF-PA-10004911,"Rediform S.O.S. 1-Up Phone Message Bk, 4-1/4x3-1/16 Bk, 1 Form/Pg, 40 Messages/Bk, 3/Pk",Paper,21,556.98,94.5504,20.0,HIGH-RETURN;,MINIMISE STOCK
TEC-AC-10002647,"Logitech Wireless Boombox Speaker - portable - wireless, wired",Accessories,2,237.8,95.76,100.0,DEAD-STOCK;HIGH-RETURN;OBSOLETE-RISK;,REVIEW / PHASE-OUT
FUR-FU-10003268,Eldon Radial Chair Mat for Low to Medium Pile Carpets,Furnishings,15,726.712,95.952,20.0,HIGH-RETURN;,MINIMISE STOCK
OFF-PA-10000380,"REDIFORM Incoming/Outgoing Call Register, 11"" X 8 1/2"", 100 Messages",Paper,31,554.852,102.582,16.666666666666664,HIGH-RETURN;,MINIMISE STOCK
OFF-AP-10001293,Belkin 8 Outlet Surge Protector,Appliances,9,407.82,103.2696,50.0,HIGH-RETURN;,MINIMISE STOCK
TEC-MA-10002073,"3D Systems Cube Printer, 2nd Generation, White",Machines,1,1053.992,103.9992,0.0,DEAD-STOCK;OBSOLETE-RISK;,REVIEW / PHASE-OUT
OFF-AP-10002578,"Fellowes Premier Superior Surge Suppressor, 10-Outlet, With Phone and Remote",Appliances,10,556.6320000000001,107.62400000000001,25.0,HIGH-RETURN;,MINIMISE STOCK
OFF-BI-10001765,Wilson Jones Heavy-Duty Casebound Ring Binders with Metal Hinges,Binders,7,291.48,116.3904,0.0,OBSOLETE-RISK;,REVIEW / PHASE-OUT
OFF-ST-10003442,Eldon Portable Mobile Manager,Storage,22,790.256,117.07920000000001,16.666666666666664,HIGH-RETURN;,MINIMISE STOCK
FUR-FU-10002045,"Executive Impressions 14""",Furnishings,12,328.76,117.3744,0.0,OBSOLETE-RISK;,REVIEW / PHASE-OUT
TEC-MA-10004255,Konica Minolta magicolor 1690MF Multifunction Printer,Machines,8,319.92,118.3704,0.0,OBSOLETE-RISK;,REVIEW / PHASE-OUT
FUR-CH-10003973,GuestStacker Chair with Chrome Finish Legs,Chairs,9,2907.9680000000003,118.9632,50.0,HIGH-RETURN;,MINIMISE STOCK
TEC-PH-10002115,Plantronics 81402,Phones,7,540.93,120.1018,0.0,OBSOLETE-RISK;,REVIEW / PHASE-OUT
OFF-LA-10004544,Avery 505,Labels,18,529.56,121.36,25.0,HIGH-RETURN;,MINIMISE STOCK
OFF-PA-10002254,Xerox 1883,Paper,12,1460.456,124.5136,25.0,HIGH-RETURN;,MINIMISE STOCK
TEC-PH-10004447,Toshiba IPT2010-SD IP Telephone,Phones,15,1740.8799999999999,125.09100000000001,25.0,HIGH-RETURN;OBSOLETE-RISK;,REVIEW / PHASE-OUT
TEC-AC-10000358,Imation Secure Drive + Hardware Encrypted USB flash drive - 16 GB,Accessories,14,901.8600000000001,127.6464,33.33333333333333,HIGH-RETURN;,MINIMISE STOCK
OFF-ST-10003123,Fellowes Bases and Tops For Staxonsteel/High-Stak Systems,Storage,16,783.64,127.8336,16.666666666666664,HIGH-RETURN;,MINIMISE STOCK
TEC-MA-10001570,Cisco Desktop Collaboration Experience DX650 IP Video Phone,Machines,5,420.8,130.2075,0.0,OBSOLETE-RISK;,REVIEW / PHASE-OUT
TEC-PH-10003505,Geemarc AmpliPOWER60,Phones,27,4046.68,132.704,16.666666666666664,HIGH-RETURN;,MINIMISE STOCK
OFF-ST-10000777,"Companion Letter/Legal File, Black",Storage,13,625.88,137.44639999999998,33.33333333333333,HIGH-RETURN;,MINIMISE STOCK
OFF-LA-10003923,Alphabetical Labels for Top Tab Filing,Labels,22,492.92,139.12,16.666666666666664,HIGH-RETURN;,MINIMISE STOCK
TEC-PH-10004241,Nokia Lumia 1020,Phones,4,1439.968,143.9968,0.0,OBSOLETE-RISK;,REVIEW / PHASE-OUT
OFF-EN-10004206,Multimedia Mailers,Envelopes,2,370.86,149.8956,0.0,DEAD-STOCK;OBSOLETE-RISK;,REVIEW / PHASE-OUT
TEC-AC-10000109,Sony Micro Vault Click 16 GB USB 2.0 Flash Drive,Accessories,17,907.4440000000001,150.0532,20.0,HIGH-RETURN;,MINIMISE STOCK
TEC-PH-10003171,Plantronics Encore H101 Dual Earpieces Headset,Phones,17,891.22,151.032,16.666666666666664,HIGH-RETURN;,MINIMISE STOCK
TEC-MA-10002981,I.R.I.S IRISCard Anywhere 5 Card Scanner,Machines,3,361.973,152.0883,0.0,OBSOLETE-RISK;,REVIEW / PHASE-OUT
TEC-AC-10001013,Logitech ClearChat Comfort/USB Headset H390,Accessories,17,637.2139999999999,152.60089999999997,20.0,HIGH-RETURN;OBSOLETE-RISK;,REVIEW / PHASE-OUT
TEC-PH-10002262,LG Electronics Tone+ HBS-730 Bluetooth Headset,Phones,15,823.434,154.726,0.0,OBSOLETE-RISK;,REVIEW / PHASE-OUT
OFF-BI-10003364,Binding Machine Supplies,Binders,29,1301.9850000000001,158.1014,25.0,HIGH-RETURN;,MINIMISE STOCK
OFF-ST-10003282,"Advantus 10-Drawer Portable Organizer, Chrome Metal Frame, Smoke Drawers",Storage,11,769.456,160.1568,0.0,OBSOLETE-RISK;,REVIEW / PHASE-OUT
TEC-PH-10002415,Polycom VoiceStation 500 Conference phone,Phones,11,2693.56,162.2225,33.33333333333333,HIGH-RETURN;,MINIMISE STOCK
OFF-PA-10004039,Xerox 1882,Paper,8,480.86,163.4616,25.0,HIGH-RETURN;,MINIMISE STOCK
TEC-PH-10001468,Panasonic Business Telephones KX-T7736,Phones,3,590.06,163.818,0.0,OBSOLETE-RISK;,REVIEW / PHASE-OUT
OFF-AP-10001124,Belkin 8 Outlet SurgeMaster II Gold Surge Protector with Phone Protection,Appliances,8,669.84,168.4384,0.0,OBSOLETE-RISK;,REVIEW / PHASE-OUT
TEC-MA-10001031,Socket Bluetooth Cordless Hand Scanner (CHS),Machines,3,554.28,177.198,0.0,OBSOLETE-RISK;,REVIEW / PHASE-OUT
FUR-FU-10003708,"Tenex Traditional Chairmats for Medium Pile Carpet, Standard Lip, 36"" x 48""",Furnishings,14,1123.1,178.311,33.33333333333333,HIGH-RETURN;,MINIMISE STOCK
TEC-PH-10000215,Plantronics Cordless Phone Headset with In-line Volume - M214C,Phones,19,684.05,179.2935,25.0,HIGH-RETURN;,MINIMISE STOCK
TEC-MA-10000112,Panasonic KX MB2061 Multifunction Printer,Machines,10,2396.4,179.73,0.0,OBSOLETE-RISK;,REVIEW / PHASE-OUT
FUR-FU-10004848,"Howard Miller 13-3/4"" Diameter Brushed Chrome Round Wall Clock",Furnishings,34,1249.132,183.3907,20.0,HIGH-RETURN;,MINIMISE STOCK
OFF-PA-10000241,"IBM Multi-Purpose Copy Paper, 8 1/2 x 11"", Case",Paper,16,692.504,185.88,0.0,OBSOLETE-RISK;,REVIEW / PHASE-OUT
TEC-MA-10004458,Lexmark X 9575 Professional All-in-One Color Printer,Machines,4,396.0,190.08,0.0,OBSOLETE-RISK;,REVIEW / PHASE-OUT
OFF-BI-10003718,GBC Therma-A-Bind 250T Electric Binding System,Binders,6,622.352,206.6232,0.0,OBSOLETE-RISK;,REVIEW / PHASE-OUT
FUR-FU-10003192,Luxo Adjustable Task Clamp Lamp,Furnishings,9,799.56,207.8856,0.0,OBSOLETE-RISK;,REVIEW / PHASE-OUT
TEC-PH-10000526,Vtech CS6719,Phones,13,1245.484,215.01760000000002,33.33333333333333,HIGH-RETURN;,MINIMISE STOCK
TEC-AC-10002253,Imation Bio 8GB USB Flash Drive Imation Corp,Accessories,9,1539.16,224.424,0.0,OBSOLETE-RISK;,REVIEW / PHASE-OUT
TEC-AC-10001772,Memorex Mini Travel Drive 16 GB USB 2.0 Flash Drive,Accessories,38,718.86,236.6754,20.0,HIGH-RETURN;OBSOLETE-RISK;,REVIEW / PHASE-OUT
FUR-FU-10004188,Luxo Professional Combination Clamp-On Lamps,Furnishings,9,1053.7,239.382,33.33333333333333,HIGH-RETURN;,MINIMISE STOCK
OFF-BI-10001543,GBC VeloBinder Manual Binding System,Binders,22,946.018,243.29240000000001,16.666666666666664,HIGH-RETURN;,MINIMISE STOCK
OFF-ST-10002974,"Trav-L-File Heavy-Duty Shuttle II, Black",Storage,25,1198.824,248.349,20.0,HIGH-RETURN;,"STOCK-UP (high value, stable demand)"
OFF-PA-10003641,Xerox 1909,Paper,25,760.292,261.16200000000003,20.0,HIGH-RETURN;,"STOCK-UP (high value, stable demand)"
FUR-BO-10002613,"Atlantic Metals Mobile 4-Shelf Bookcases, Custom Colors",Bookcases,7,1699.831,295.029,50.0,HIGH-RETURN;,"STOCK-UP (high value, stable demand)"
TEC-PH-10004536,Avaya 5420 Digital phone,Phones,12,1610.886,323.976,33.33333333333333,HIGH-RETURN;,"STOCK-UP (high value, stable demand)"
TEC-CO-10001571,Sharp 1540cs Digital Laser Copier,Copiers,2,889.984,329.994,100.0,HIGH-RETURN;,MINIMISE STOCK
TEC-AC-10003174,Plantronics S12 Corded Telephone Headset System,Accessories,14,1353.922,366.48600000000005,25.0,HIGH-RETURN;,"STOCK-UP (high value, stable demand)"
OFF-PA-10001289,White Computer Printout Paper by Universal,Paper,25,901.2239999999999,374.034,25.0,HIGH-RETURN;,"STOCK-UP (high value, stable demand)"
TEC-AC-10002926,Logitech Wireless Marathon Mouse M705,Accessories,22,1137.798,382.9234,16.666666666666664,HIGH-RETURN;,"STOCK-UP (high value, stable demand)"
OFF-PA-10000675,Xerox 1919,Paper,24,1020.374,424.6564,20.0,HIGH-RETURN;,"STOCK-UP (high value, stable demand)"
TEC-AC-10003610,Logitech Illuminated - Keyboard,Accessories,17,1323.84,429.52840000000003,20.0,HIGH-RETURN;,"STOCK-UP (high value, stable demand)"
TEC-PH-10003645,Aastra 57i VoIP phone,Phones,17,2551.794,455.74019999999996,25.0,HIGH-RETURN;,"STOCK-UP (high value, stable demand)"
OFF-AP-10002684,"Acco 7-Outlet Masterpiece Power Center, Wihtout Fax/Phone Line Protection",Appliances,29,3079.868,522.794,16.666666666666664,HIGH-RETURN;,"STOCK-UP (high value, stable demand)"
TEC-PH-10002885,Apple iPhone 5,Phones,15,7734.994000000001,552.3555000000001,25.0,HIGH-RETURN;,"STOCK-UP (high value, stable demand)"
FUR-CH-10002331,Hon 4700 Series Mobuis Mid-Back Task Chairs with Adjustable Arms,Chairs,21,5575.434,608.7258,20.0,HIGH-RETURN;,"STOCK-UP (high value, stable demand)"
TEC-PH-10004977,GE 30524EE4,Phones,24,2465.394,697.7244,16.666666666666664,HIGH-RETURN;,"STOCK-UP (high value, stable demand)"
FUR-CH-10004495,"Global Leather and Oak Executive Chair, Black",Chairs,18,4652.798,698.2736,25.0,HIGH-RETURN;,"STOCK-UP (high value, stable demand)"
TEC-AC-10000990,Imation Bio 2GB USB Flash Drive Imation Corp,Accessories,13,1766.3400000000001,716.2428,50.0,HIGH-RETURN;,"STOCK-UP (high value, stable demand)"
FUR-FU-10002937,"GE 48"" Fluorescent Tube, Cool White Energy Saver, 34 Watts, 30/Box",Furnishings,20,1969.5240000000001,873.224,16.666666666666664,HIGH-RETURN;,"STOCK-UP (high value, stable demand)"
OFF-AP-10001058,Sanyo 2.5 Cubic Foot Mid-Size Office Refrigerators,Appliances,17,4134.96,956.9502,25.0,HIGH-RETURN;,"STOCK-UP (high value, stable demand)"
OFF-ST-10001490,"Hot File 7-Pocket, Floor Stand",Storage,25,6198.504,1017.279,16.666666666666664,HIGH-RETURN;,"STOCK-UP (high value, stable demand)"
TEC-MA-10000488,Bady BDG101FRU Card Printer,Machines,11,7385.907999999999,1111.9861,33.33333333333333,HIGH-RETURN;,"STOCK-UP (high value, stable demand)"
FUR-CH-10004086,Hon 4070 Series Pagoda Armless Upholstered Stacking Chairs,Chairs,22,5799.081,1190.2584,25.0,HIGH-RETURN;,"STOCK-UP (high value, stable demand)"
OFF-BI-10003650,GBC DocuBind 300 Electric Binding Machine,Binders,14,5047.192,1641.0576,20.0,HIGH-RETURN;,"STOCK-UP (high value, stable demand)"
TEC-PH-10001459,Samsung Galaxy Mega 6.3,Phones,34,12370.707999999999,1696.7595999999999,20.0,HIGH-RETURN;,"STOCK-UP (high value, stable demand)"
TEC-CO-10004722,Canon imageCLASS 2200 Advanced Copier,Copiers,20,14076.824,25199.928,20.0,HIGH-RETURN;,"STOCK-UP (high value, stable demand)"
